CNumber,kinase,inhibition,screen_concentration
66,ABL,32,10
119,ABL,36,10
119,ABL,32,1
180,ABL,43,0.1
180,ABL,6,1
180,ABL,4,10
208,ABL,3,10
219,ABL,31,0.1
219,ABL,7,1
278,ABL,3,1
278,ABL,27,0.1
279,ABL,17,1
313,ABL,1,1
313,ABL,2,0.1
328,ABL,0,1
328,ABL,0,0.1
329,ABL,0,1
329,ABL,1,0.1
341,ABL,45,1
23,AMPK,46,1
23,AMPK,13,10
25,AMPK,5,0.1
25,AMPK,6,1
25,AMPK,4,10
47,AMPK,4,10
49,AMPK,16,0.1
53,AMPK,26,1
54,AMPK,24,10
55,AMPK,19,10
56,AMPK,26,10
56,AMPK,24,1
64,AMPK,10,1
64,AMPK,9,10
66,AMPK,17,0.1
66,AMPK,4,1
66,AMPK,14,10
71,AMPK,15,1
96,AMPK,26,0.1
96,AMPK,17,10
96,AMPK,39,1
114,AMPK,44,1
119,AMPK,10,10
119,AMPK,17,1
122,AMPK,8,0.01
127,AMPK,25,10
127,AMPK,46,0.1
127,AMPK,20,1
128,AMPK,14,10
146,AMPK,2,1
146,AMPK,1,10
146,AMPK,49,0.1
172,AMPK,49,1
172,AMPK,22,10
208,AMPK,22,10
219,AMPK,25,0.1
219,AMPK,22,1
259,AMPK,27,1
259,AMPK,34,10
279,AMPK,24,1
289,AMPK,6,0.01
289,AMPK,2,0.1
289,AMPK,1,1
294,AMPK,1,10
294,AMPK,5,1
300,AMPK,1,1
300,AMPK,7,0.1
313,AMPK,2,1
313,AMPK,2,0.1
119,AMPK (hum),3,10
119,AMPK (hum),4,1
279,AMPK (hum),15,1
289,AMPK (hum),4,0.01
289,AMPK (hum),3,0.1
289,AMPK (hum),1,1
294,AMPK (hum),1,10
294,AMPK (hum),3,1
300,AMPK (hum),2,1
300,AMPK (hum),5,0.1
313,AMPK (hum),1,1
313,AMPK (hum),2,0.1
320,AMPK (hum),28,0.1
320,AMPK (hum),5,1
339,AMPK (hum),10,10
339,AMPK (hum),40,1
341,AMPK (hum),2,1
355,AMPK (hum),39,1
356,AMPK (hum),15,1
66,ASK1,6,10
208,ASK1,8,10
290,ASK1,44,1
290,ASK1,10,10
293,ASK1,44,100
294,ASK1,3,10
294,ASK1,15,1
18,Aurora A,4,10
18,Aurora A,24,1
26,Aurora A,20,0.1
26,Aurora A,2,1
64,Aurora A,29,1
64,Aurora A,6,10
66,Aurora A,0,1
66,Aurora A,0,10
91,Aurora A,0,10
91,Aurora A,3,0.1
91,Aurora A,3,1
119,Aurora A,3,10
119,Aurora A,2,1
133,Aurora A,2,5
133,Aurora A,2,1
141,Aurora A,45,10
172,Aurora A,17,1
172,Aurora A,3,10
175,Aurora A,49,0.1
175,Aurora A,10,1
175,Aurora A,20,10
183,Aurora A,5,10
183,Aurora A,30,1
207,Aurora A,42,1
208,Aurora A,1,10
219,Aurora A,18,0.1
219,Aurora A,3,1
221,Aurora A,32,100
259,Aurora A,15,1
259,Aurora A,2,10
289,Aurora A,28,0.01
289,Aurora A,4,0.1
289,Aurora A,5,1
294,Aurora A,3,10
294,Aurora A,12,1
313,Aurora A,10,1
313,Aurora A,48,0.1
16,Aurora B,15,10
23,Aurora B,6,1
23,Aurora B,4,10
26,Aurora B,17,0.01
26,Aurora B,1,10
26,Aurora B,5,0.1
26,Aurora B,3,1
43,Aurora B,12,10
49,Aurora B,23,0.1
50,Aurora B,17,0.1
50,Aurora B,14,1
50,Aurora B,12,10
53,Aurora B,17,1
63,Aurora B,5,10
63,Aurora B,21,1
64,Aurora B,6,1
64,Aurora B,4,10
66,Aurora B,5,1
66,Aurora B,35,10
67,Aurora B,49,1
71,Aurora B,14,1
111,Aurora B,45,10
114,Aurora B,14,1
115,Aurora B,35,1
115,Aurora B,23,10
119,Aurora B,2,10
119,Aurora B,3,1
120,Aurora B,3,1
120,Aurora B,2,10
125,Aurora B,7,1
125,Aurora B,8,10
129,Aurora B,23,10
129,Aurora B,37,1
133,Aurora B,5,10
133,Aurora B,2,5
133,Aurora B,2,1
144,Aurora B,15,10
151,Aurora B,46,0.1
151,Aurora B,27,1
175,Aurora B,43,0.1
175,Aurora B,11,1
175,Aurora B,12,10
208,Aurora B,41,10
219,Aurora B,36,0.1
219,Aurora B,11,1
280,Aurora B,40,1
280,Aurora B,48,10
289,Aurora B,49,0.01
289,Aurora B,46,0.1
289,Aurora B,39,1
293,Aurora B,23,100
294,Aurora B,1,10
294,Aurora B,4,1
300,Aurora B,7,1
300,Aurora B,35,0.1
313,Aurora B,14,1
313,Aurora B,23,0.1
317,Aurora B,6,1
317,Aurora B,34,0.1
320,Aurora B,7,0.1
320,Aurora B,2,1
339,Aurora B,13,10
339,Aurora B,49,1
341,Aurora B,23,1
345,Aurora B,39,1
349,Aurora B,42,1
6,Aurora C,30,50
16,Aurora C,34,10
23,Aurora C,8,1
23,Aurora C,6,10
26,Aurora C,26,0.01
26,Aurora C,2,10
49,Aurora C,26,0.1
50,Aurora C,48,0.1
50,Aurora C,13,1
50,Aurora C,7,10
53,Aurora C,19,1
71,Aurora C,15,1
89,Aurora C,47,1
89,Aurora C,17,10
114,Aurora C,20,1
119,Aurora C,7,1
120,Aurora C,10,1
120,Aurora C,1,10
125,Aurora C,17,1
125,Aurora C,7,10
66,BRK,4,10
208,BRK,7,10
211,BRK,8,10
211,BRK,4,1
211,BRK,10,0.1
219,BRK,46,0.1
219,BRK,6,1
223,BRK,42,10
223,BRK,27,1
259,BRK,21,1
259,BRK,5,10
278,BRK,3,1
278,BRK,30,0.1
289,BRK,28,0.01
289,BRK,16,0.1
289,BRK,4,1
293,BRK,47,100
313,BRK,8,1
313,BRK,31,0.1
317,BRK,10,1
317,BRK,42,0.1
328,BRK,2,1
328,BRK,5,0.1
19,BRSK1,14,0.1
64,BRSK1,40,1
64,BRSK1,34,10
66,BRSK1,11,1
66,BRSK1,5,10
96,BRSK1,24,10
96,BRSK1,38,1
119,BRSK1,18,10
119,BRSK1,13,1
133,BRSK1,24,5
133,BRSK1,29,1
149,BRSK1,46,0.1
149,BRSK1,31,1
208,BRSK1,8,10
259,BRSK1,31,1
259,BRSK1,8,10
279,BRSK1,23,1
294,BRSK1,1,10
294,BRSK1,3,1
313,BRSK1,2,1
313,BRSK1,14,0.1
320,BRSK1,44,0.1
320,BRSK1,12,1
341,BRSK1,30,1
10,BRSK2,37,1
25,BRSK2,13,0.1
25,BRSK2,10,1
25,BRSK2,18,10
28,BRSK2,39,1
28,BRSK2,10,10
34,BRSK2,42,25
43,BRSK2,23,10
49,BRSK2,48,0.1
53,BRSK2,38,1
55,BRSK2,42,10
64,BRSK2,31,1
64,BRSK2,30,10
66,BRSK2,9,0.1
66,BRSK2,3,1
66,BRSK2,3,10
67,BRSK2,41,1
71,BRSK2,14,1
77,BRSK2,22,20
78,BRSK2,2,100
114,BRSK2,43,1
119,BRSK2,6,10
119,BRSK2,13,1
122,BRSK2,27,0.01
133,BRSK2,48,10
133,BRSK2,14,5
133,BRSK2,39,1
149,BRSK2,4,10
149,BRSK2,41,0.1
149,BRSK2,43,1
205,BRSK2,42,10
208,BRSK2,2,10
221,BRSK2,46,100
259,BRSK2,28,1
259,BRSK2,11,10
279,BRSK2,21,1
289,BRSK2,16,0.01
289,BRSK2,10,0.1
289,BRSK2,8,1
294,BRSK2,2,10
294,BRSK2,6,1
313,BRSK2,2,1
313,BRSK2,10,0.1
341,BRSK2,41,1
43,BTK,18,10
63,BTK,26,1
63,BTK,10,10
66,BTK,8,0.1
66,BTK,4,1
66,BTK,19,10
89,BTK,12,0.1
89,BTK,3,1
90,BTK,9,0.1
90,BTK,16,1
90,BTK,14,10
96,BTK,10,10
96,BTK,40,1
133,BTK,27,10
133,BTK,19,5
133,BTK,28,1
139,BTK,5,10
139,BTK,48,0.1
139,BTK,21,1
172,BTK,47,1
172,BTK,16,10
175,BTK,34,0.1
175,BTK,12,1
175,BTK,9,10
208,BTK,16,10
219,BTK,22,0.1
219,BTK,14,1
279,BTK,37,1
289,BTK,49,0.01
289,BTK,11,0.1
289,BTK,9,1
300,BTK,14,1
300,BTK,44,0.1
313,BTK,7,1
313,BTK,16,0.1
328,BTK,1,1
328,BTK,1,0.1
329,BTK,1,1
329,BTK,1,0.1
43,CAMK1,19,10
66,CAMK1,46,0.1
66,CAMK1,15,1
66,CAMK1,3,10
69,CAMK1,38,10
133,CAMK1,7,10
133,CAMK1,3,5
133,CAMK1,6,1
156,CAMK1,19,10
156,CAMK1,49,1
172,CAMK1,48,1
172,CAMK1,8,10
208,CAMK1,4,10
221,CAMK1,45,100
313,CAMK1,15,1
313,CAMK1,48,0.1
343,CAMK1,42,1
352,CAMK1,22,1
353,CAMK1,30,1
355,CAMK1,4,1
356,CAMK1,3,1
49,CAMKK alpha ,37,0.1
119,CAMKK alpha ,20,1
17,CAMKK beta ,14,10
17,CAMKK beta ,16,1
17,CAMKK beta ,24,0.1
44,CAMKK beta ,49,3
49,CAMKK beta ,16,0.1
71,CAMKK beta ,27,1
91,CAMKK beta ,19,10
91,CAMKK beta ,22,0.1
91,CAMKK beta ,19,1
98,CAMKK beta ,42,10
98,CAMKK beta ,27,20
101,CAMKK beta ,43,10
114,CAMKK beta ,40,1
117,CAMKK beta ,9,0.1
117,CAMKK beta ,4,1
117,CAMKK beta ,5,10
119,CAMKK beta ,9,10
119,CAMKK beta ,12,1
122,CAMKK beta ,20,0.01
139,CAMKK beta ,7,10
139,CAMKK beta ,47,0.1
139,CAMKK beta ,24,1
146,CAMKK beta ,2,1
146,CAMKK beta ,2,10
146,CAMKK beta ,11,0.1
149,CAMKK beta ,30,10
149,CAMKK beta ,39,0.1
149,CAMKK beta ,20,1
180,CAMKK beta ,43,0.1
180,CAMKK beta ,13,1
180,CAMKK beta ,8,10
208,CAMKK beta ,4,10
222,CAMKK beta ,8,10
222,CAMKK beta ,10,1
259,CAMKK beta ,9,1
259,CAMKK beta ,5,10
279,CAMKK beta ,38,1
280,CAMKK beta ,37,1
280,CAMKK beta ,43,10
290,CAMKK beta ,28,1
290,CAMKK beta ,7,10
291,CAMKK beta ,40,1
291,CAMKK beta ,10,10
294,CAMKK beta ,10,10
294,CAMKK beta ,33,1
300,CAMKK beta ,15,1
300,CAMKK beta ,35,0.1
313,CAMKK beta ,2,1
313,CAMKK beta ,4,0.1
339,CAMKK beta ,7,10
339,CAMKK beta ,21,1
341,CAMKK beta ,3,1
10,CDK2-Cyclin A,10,1
11,CDK2-Cyclin A,23,10
47,CDK2-Cyclin A,2,10
49,CDK2-Cyclin A,10,0.1
63,CDK2-Cyclin A,8,10
63,CDK2-Cyclin A,35,1
66,CDK2-Cyclin A,41,0.1
66,CDK2-Cyclin A,1,1
66,CDK2-Cyclin A,6,10
67,CDK2-Cyclin A,14,1
91,CDK2-Cyclin A,3,10
91,CDK2-Cyclin A,35,0.1
91,CDK2-Cyclin A,15,1
93,CDK2-Cyclin A,10,0.1
93,CDK2-Cyclin A,3,1
96,CDK2-Cyclin A,3,0.1
96,CDK2-Cyclin A,3,10
96,CDK2-Cyclin A,4,1
97,CDK2-Cyclin A,4,1
97,CDK2-Cyclin A,3,10
114,CDK2-Cyclin A,49,1
122,CDK2-Cyclin A,44,0.01
152,CDK2-Cyclin A,48,1
172,CDK2-Cyclin A,12,1
172,CDK2-Cyclin A,3,10
173,CDK2-Cyclin A,32,1
173,CDK2-Cyclin A,6,10
181,CDK2-Cyclin A,5,0.1
181,CDK2-Cyclin A,2,1
208,CDK2-Cyclin A,5,10
219,CDK2-Cyclin A,34,0.1
219,CDK2-Cyclin A,7,1
279,CDK2-Cyclin A,41,1
280,CDK2-Cyclin A,25,1
280,CDK2-Cyclin A,23,10
289,CDK2-Cyclin A,18,0.01
289,CDK2-Cyclin A,9,0.1
289,CDK2-Cyclin A,8,1
294,CDK2-Cyclin A,5,10
294,CDK2-Cyclin A,5,1
313,CDK2-Cyclin A,2,1
313,CDK2-Cyclin A,6,0.1
339,CDK2-Cyclin A,5,10
339,CDK2-Cyclin A,21,1
341,CDK2-Cyclin A,6,1
252,CDK9-Cyclin T1,42,1
252,CDK9-Cyclin T1,22,0.1
280,CDK9-Cyclin T1,26,1
280,CDK9-Cyclin T1,21,10
294,CDK9-Cyclin T1,2,10
294,CDK9-Cyclin T1,11,1
313,CDK9-Cyclin T1,4,1
313,CDK9-Cyclin T1,11,0.1
341,CDK9-Cyclin T1,12,1
47,CHK1,6,10
49,CHK1,1,0.1
66,CHK1,1,0.1
66,CHK1,9,1
66,CHK1,7,10
71,CHK1,18,1
122,CHK1,11,0.01
139,CHK1,1,10
139,CHK1,39,0.1
139,CHK1,8,1
208,CHK1,16,10
259,CHK1,37,1
259,CHK1,12,10
289,CHK1,11,0.01
289,CHK1,4,0.1
289,CHK1,3,1
290,CHK1,44,1
290,CHK1,12,10
294,CHK1,4,10
294,CHK1,16,1
313,CHK1,11,1
313,CHK1,34,0.1
339,CHK1,13,10
339,CHK1,37,1
10,CHK2,13,1
24,CHK2,32,0
24,CHK2,7,0.01
24,CHK2,0,0.1
25,CHK2,-1,0.1
25,CHK2,-5,1
25,CHK2,1,10
64,CHK2,19,1
64,CHK2,19,10
66,CHK2,14,0.1
66,CHK2,4,1
66,CHK2,5,10
67,CHK2,28,1
91,CHK2,4,10
91,CHK2,20,0.1
91,CHK2,18,1
98,CHK2,11,10
98,CHK2,6,20
114,CHK2,44,1
115,CHK2,11,1
115,CHK2,2,10
119,CHK2,11,10
119,CHK2,14,1
120,CHK2,16,1
120,CHK2,4,10
127,CHK2,13,10
127,CHK2,46,0.1
127,CHK2,7,1
139,CHK2,-7,10
139,CHK2,8,0.1
139,CHK2,4,1
140,CHK2,-5,10
140,CHK2,37,0.1
140,CHK2,8,1
151,CHK2,34,0.1
151,CHK2,9,1
156,CHK2,5,10
156,CHK2,48,1
183,CHK2,9,10
183,CHK2,39,1
207,CHK2,34,1
208,CHK2,3,10
219,CHK2,48,0.1
219,CHK2,12,1
222,CHK2,4,10
222,CHK2,7,1
259,CHK2,3,1
259,CHK2,3,10
289,CHK2,24,0.01
289,CHK2,5,0.1
289,CHK2,2,1
290,CHK2,12,1
290,CHK2,2,10
291,CHK2,18,1
291,CHK2,3,10
293,CHK2,21,100
294,CHK2,10,10
294,CHK2,38,1
311,CHK2,12,10
311,CHK2,47,1
313,CHK2,1,1
313,CHK2,1,0.1
329,CHK2,10,1
329,CHK2,37,0.1
339,CHK2,8,10
339,CHK2,36,1
352,CHK2,24,1
353,CHK2,21,1
355,CHK2,10,1
356,CHK2,9,1
2,CK1 delta ,30,1
2,CK1 delta ,4,10
28,CK1 delta ,30,1
28,CK1 delta ,4,10
35,CK1 delta ,14,1
35,CK1 delta ,47,0.1
35,CK1 delta ,2,10
42,CK1 delta ,3,10
62,CK1 delta ,9,25
100,CK1 delta ,8,1
100,CK1 delta ,0,10
114,CK1 delta ,15,1
157,CK1 delta ,14,20
157,CK1 delta ,19,10
169,CK1 delta ,19,1
169,CK1 delta ,9,10
184,CK1 delta ,11,10
184,CK1 delta ,31,1
279,CK1 delta ,9,1
293,CK1 delta ,24,100
294,CK1 delta ,4,10
294,CK1 delta ,19,1
310,CK1 delta ,15,1
310,CK1 delta ,45,0.1
313,CK1 delta ,6,1
313,CK1 delta ,7,0.1
279,CK1 gamma 2,39,1
293,CK1 gamma 2,16,100
313,CK1 gamma 2,10,1
313,CK1 gamma 2,26,0.1
73,CK2,40,5
73,CK2,23,10
73,CK2,2,50
135,CK2,30,1
135,CK2,6,10
138,CK2,20,1
138,CK2,4,10
156,CK2,7,10
156,CK2,46,1
157,CK2,26,20
157,CK2,38,10
185,CK2,5,10
185,CK2,11,1
219,CK2,33,0.1
219,CK2,6,1
294,CK2,5,10
294,CK2,23,1
313,CK2,1,1
313,CK2,1,0.1
18,CLK2,11,10
18,CLK2,26,1
35,CLK2,9,1
35,CLK2,38,0.1
35,CLK2,1,10
41,CLK2,7,10
41,CLK2,38,1
45,CLK2,30,1
64,CLK2,47,1
64,CLK2,18,10
66,CLK2,2,1
66,CLK2,3,10
91,CLK2,1,10
91,CLK2,3,0.1
91,CLK2,3,1
93,CLK2,17,0.1
93,CLK2,4,1
96,CLK2,0,10
96,CLK2,1,1
119,CLK2,7,10
119,CLK2,5,1
139,CLK2,40,0.1
139,CLK2,6,1
142,CLK2,35,0.2
142,CLK2,22,1
149,CLK2,35,0.1
149,CLK2,8,1
151,CLK2,30,0.1
151,CLK2,6,1
169,CLK2,18,1
169,CLK2,3,10
172,CLK2,3,10
172,CLK2,15,1
173,CLK2,7,10
173,CLK2,43,1
181,CLK2,16,0.1
181,CLK2,4,1
203,CLK2,47,10
203,CLK2,10,100
207,CLK2,30,1
208,CLK2,2,10
219,CLK2,30,0.1
219,CLK2,11,1
252,CLK2,18,1
252,CLK2,49,0.1
259,CLK2,14,1
259,CLK2,3,10
279,CLK2,2,1
280,CLK2,14,1
280,CLK2,12,10
289,CLK2,9,0.01
289,CLK2,-1,0.1
289,CLK2,-1,1
291,CLK2,36,1
291,CLK2,5,10
293,CLK2,37,100
294,CLK2,0,10
294,CLK2,2,1
300,CLK2,4,1
300,CLK2,25,0.1
313,CLK2,0,1
313,CLK2,1,0.1
339,CLK2,1,10
339,CLK2,6,1
341,CLK2,49,1
351,CLK2,2,10
351,CLK2,17,1
2,CSK,31,1
2,CSK,5,10
3,CSK,36,1
3,CSK,6,10
115,CSK,12,1
115,CSK,2,10
208,CSK,36,10
211,CSK,3,10
211,CSK,15,1
211,CSK,25,0.1
66,DAPK1,6,1
66,DAPK1,8,10
96,DAPK1,6,10
96,DAPK1,43,1
134,DAPK1,37,10
134,DAPK1,16,30
138,DAPK1,17,10
138,DAPK1,47,1
149,DAPK1,28,0.1
149,DAPK1,7,1
158,DAPK1,35,1
158,DAPK1,12,10
172,DAPK1,6,1
172,DAPK1,4,10
185,DAPK1,17,10
185,DAPK1,47,1
208,DAPK1,7,10
290,DAPK1,43,1
290,DAPK1,9,10
294,DAPK1,10,10
294,DAPK1,39,1
313,DAPK1,1,1
313,DAPK1,1,0.1
119,DDR2,24,10
119,DDR2,31,1
175,DDR2,24,0.1
175,DDR2,5,1
175,DDR2,8,10
226,DDR2,45,0.01
226,DDR2,9,0.1
226,DDR2,7,1
278,DDR2,2,1
278,DDR2,20,0.1
279,DDR2,28,1
286,DDR2,6,1
286,DDR2,8,0.1
286,DDR2,17,0.01
300,DDR2,1,1
300,DDR2,8,0.1
313,DDR2,0,1
313,DDR2,1,0.1
328,DDR2,0,1
328,DDR2,1,0.1
329,DDR2,2,1
329,DDR2,22,0.1
341,DDR2,10,1
5,DYRK1A,10,0.01
5,DYRK1A,7,0.1
12,DYRK1A,33,1
12,DYRK1A,9,10
25,DYRK1A,42,0.1
25,DYRK1A,11,1
25,DYRK1A,27,10
35,DYRK1A,8,1
35,DYRK1A,44,0.1
35,DYRK1A,2,10
41,DYRK1A,3,10
41,DYRK1A,25,1
43,DYRK1A,6,10
47,DYRK1A,0,10
49,DYRK1A,33,0.1
58,DYRK1A,29,1
60,DYRK1A,44,1
61,DYRK1A,9,1
61,DYRK1A,2,10
66,DYRK1A,26,0.1
66,DYRK1A,1,1
66,DYRK1A,0,10
69,DYRK1A,38,10
71,DYRK1A,38,1
92,DYRK1A,47,10
96,DYRK1A,36,0.1
96,DYRK1A,3,10
96,DYRK1A,4,1
101,DYRK1A,4,10
102,DYRK1A,46,2
102,DYRK1A,30,10
103,DYRK1A,41,10
103,DYRK1A,41,20
114,DYRK1A,40,1
119,DYRK1A,30,10
119,DYRK1A,45,1
135,DYRK1A,21,1
135,DYRK1A,3,10
138,DYRK1A,5,10
138,DYRK1A,27,1
169,DYRK1A,16,1
169,DYRK1A,3,10
185,DYRK1A,40,10
185,DYRK1A,47,1
208,DYRK1A,0,10
279,DYRK1A,4,1
289,DYRK1A,29,0.01
289,DYRK1A,8,0.1
289,DYRK1A,3,1
294,DYRK1A,1,10
294,DYRK1A,3,1
313,DYRK1A,1,1
313,DYRK1A,0,0.1
339,DYRK1A,1,10
339,DYRK1A,2,1
341,DYRK1A,31,1
12,DYRK2,12,1
12,DYRK2,4,10
25,DYRK2,19,0.1
25,DYRK2,2,1
25,DYRK2,0,10
41,DYRK2,2,10
41,DYRK2,3,1
43,DYRK2,0,10
61,DYRK2,28,1
61,DYRK2,15,10
66,DYRK2,26,0.1
66,DYRK2,1,1
66,DYRK2,5,10
95,DYRK2,40,1
95,DYRK2,1,50
95,DYRK2,15,10
114,DYRK2,18,1
135,DYRK2,7,1
135,DYRK2,2,10
138,DYRK2,3,10
138,DYRK2,16,1
149,DYRK2,7,10
149,DYRK2,35,0.1
149,DYRK2,8,1
156,DYRK2,1,10
156,DYRK2,45,1
169,DYRK2,12,1
169,DYRK2,2,10
172,DYRK2,3,10
172,DYRK2,16,1
208,DYRK2,13,10
261,DYRK2,44,1
261,DYRK2,21,10
280,DYRK2,40,1
280,DYRK2,36,10
289,DYRK2,41,0.01
289,DYRK2,9,0.1
289,DYRK2,4,1
291,DYRK2,40,1
291,DYRK2,9,10
294,DYRK2,1,10
294,DYRK2,4,1
313,DYRK2,1,1
313,DYRK2,1,0.1
339,DYRK2,4,10
339,DYRK2,20,1
357,DYRK2,17,1
5,DYRK3,41,0.01
5,DYRK3,8,0.1
12,DYRK3,24,1
12,DYRK3,9,10
16,DYRK3,47,10
25,DYRK3,19,0.1
25,DYRK3,4,1
25,DYRK3,1,10
34,DYRK3,46,25
41,DYRK3,4,10
41,DYRK3,5,1
43,DYRK3,5,10
49,DYRK3,33,0.1
52,DYRK3,42,1
52,DYRK3,4,10
55,DYRK3,34,10
58,DYRK3,49,1
61,DYRK3,33,1
61,DYRK3,6,10
66,DYRK3,7,0.1
66,DYRK3,1,1
66,DYRK3,4,10
71,DYRK3,40,1
78,DYRK3,30,100
95,DYRK3,38,1
95,DYRK3,2,50
95,DYRK3,8,10
98,DYRK3,31,10
98,DYRK3,5,20
103,DYRK3,47,10
103,DYRK3,40,20
114,DYRK3,30,1
135,DYRK3,15,1
135,DYRK3,6,10
138,DYRK3,3,10
138,DYRK3,18,1
149,DYRK3,2,10
149,DYRK3,22,0.1
149,DYRK3,5,1
157,DYRK3,32,20
157,DYRK3,47,10
169,DYRK3,23,1
169,DYRK3,6,10
172,DYRK3,10,10
172,DYRK3,37,1
208,DYRK3,6,10
216,DYRK3,7,10
216,DYRK3,14,1
216,DYRK3,39,0.1
279,DYRK3,38,1
280,DYRK3,24,1
280,DYRK3,24,10
289,DYRK3,24,0.01
289,DYRK3,4,0.1
289,DYRK3,2,1
294,DYRK3,2,10
294,DYRK3,7,1
313,DYRK3,1,1
313,DYRK3,1,0.1
339,DYRK3,4,10
339,DYRK3,14,1
341,DYRK3,47,1
66,EIF2AK3,15,10
208,EIF2AK3,18,10
313,EIF2AK3,7,1
313,EIF2AK3,23,0.1
317,EIF2AK3,1,1
317,EIF2AK3,3,0.1
53,EPH-A2,48,1
89,EPH-A2,40,0.1
89,EPH-A2,11,1
90,EPH-A2,29,0.1
90,EPH-A2,28,1
90,EPH-A2,20,10
91,EPH-A2,13,10
91,EPH-A2,46,0.1
91,EPH-A2,36,1
130,EPH-A2,13,10
149,EPH-A2,3,10
149,EPH-A2,48,0.1
149,EPH-A2,45,1
172,EPH-A2,42,1
172,EPH-A2,30,10
208,EPH-A2,11,10
219,EPH-A2,28,0.1
219,EPH-A2,32,1
278,EPH-A2,14,1
278,EPH-A2,48,0.1
294,EPH-A2,17,10
294,EPH-A2,46,1
300,EPH-A2,5,1
300,EPH-A2,27,0.1
313,EPH-A2,7,1
313,EPH-A2,4,0.1
328,EPH-A2,1,1
328,EPH-A2,1,0.1
329,EPH-A2,1,1
329,EPH-A2,4,0.1
66,EPH-A4,19,1
66,EPH-A4,7,10
90,EPH-A4,13,1
90,EPH-A4,7,10
91,EPH-A4,0,10
91,EPH-A4,22,0.1
91,EPH-A4,29,1
172,EPH-A4,45,1
172,EPH-A4,16,10
208,EPH-A4,16,10
219,EPH-A4,14,0.1
219,EPH-A4,5,1
278,EPH-A4,7,1
278,EPH-A4,34,0.1
300,EPH-A4,7,1
300,EPH-A4,26,0.1
313,EPH-A4,1,1
313,EPH-A4,2,0.1
328,EPH-A4,2,1
328,EPH-A4,2,0.1
329,EPH-A4,1,1
329,EPH-A4,3,0.1
66,EPH-B1,19,10
90,EPH-B1,25,1
90,EPH-B1,5,10
172,EPH-B1,26,1
172,EPH-B1,4,10
219,EPH-B1,8,0.1
219,EPH-B1,3,1
300,EPH-B1,5,1
300,EPH-B1,34,0.1
313,EPH-B1,11,1
313,EPH-B1,5,0.1
314,EPH-B1,48,0.1
314,EPH-B1,10,1
314,EPH-B1,3,10
328,EPH-B1,-1,1
328,EPH-B1,-1,0.1
329,EPH-B1,0,1
329,EPH-B1,12,0.1
66,EPH-B2,44,1
66,EPH-B2,8,10
90,EPH-B2,10,1
90,EPH-B2,10,10
91,EPH-B2,4,10
91,EPH-B2,11,0.1
91,EPH-B2,4,1
172,EPH-B2,35,1
172,EPH-B2,8,10
208,EPH-B2,3,10
219,EPH-B2,23,0.1
219,EPH-B2,6,1
279,EPH-B2,40,1
313,EPH-B2,1,1
313,EPH-B2,1,0.1
328,EPH-B2,1,1
328,EPH-B2,1,0.1
329,EPH-B2,0,1
329,EPH-B2,1,0.1
43,EPH-B3,1,10
63,EPH-B3,37,1
63,EPH-B3,12,10
64,EPH-B3,27,10
64,EPH-B3,40,1
89,EPH-B3,30,0.1
89,EPH-B3,6,1
90,EPH-B3,23,0.1
90,EPH-B3,8,1
90,EPH-B3,5,10
91,EPH-B3,6,10
91,EPH-B3,22,0.1
91,EPH-B3,20,1
130,EPH-B3,9,10
172,EPH-B3,26,1
172,EPH-B3,6,10
208,EPH-B3,7,10
221,EPH-B3,48,100
313,EPH-B3,18,1
313,EPH-B3,9,0.1
328,EPH-B3,1,1
328,EPH-B3,1,0.1
329,EPH-B3,1,1
329,EPH-B3,16,0.1
90,EPH-B4,8,1
90,EPH-B4,6,10
91,EPH-B4,4,10
91,EPH-B4,15,0.1
91,EPH-B4,13,1
172,EPH-B4,37,1
172,EPH-B4,11,10
208,EPH-B4,12,10
328,EPH-B4,3,1
328,EPH-B4,20,0.1
329,EPH-B4,2,1
329,EPH-B4,10,0.1
43,ERK1,17,10
66,ERK1,24,0.1
66,ERK1,8,1
66,ERK1,14,10
133,ERK1,9,1
133,ERK1,8,10
133,ERK1,6,5
208,ERK1,33,10
289,ERK1,38,0.01
289,ERK1,4,0.1
289,ERK1,2,1
294,ERK1,1,10
294,ERK1,1,1
49,ERK2,46,0.1
66,ERK2,44,0.1
66,ERK2,3,1
66,ERK2,2,10
208,ERK2,22,10
216,ERK2,6,10
216,ERK2,29,1
216,ERK2,36,0.1
289,ERK2,22,0.01
289,ERK2,6,0.1
289,ERK2,5,1
294,ERK2,3,10
294,ERK2,8,1
279,ERK5,36,1
294,ERK5,4,10
294,ERK5,9,1
313,ERK5,4,1
313,ERK5,19,0.1
339,ERK5,24,10
339,ERK5,40,1
11,ERK8,37,10
12,ERK8,48,1
12,ERK8,12,10
16,ERK8,7,10
25,ERK8,5,0.1
25,ERK8,2,1
25,ERK8,1,10
35,ERK8,2,10
35,ERK8,49,0.1
35,ERK8,8,1
43,ERK8,20,10
49,ERK8,36,0.1
58,ERK8,44,1
66,ERK8,3,0.1
66,ERK8,1,1
66,ERK8,9,10
91,ERK8,1,10
91,ERK8,1,0.1
91,ERK8,1,1
92,ERK8,42,10
95,ERK8,36,1
95,ERK8,12,50
95,ERK8,10,10
97,ERK8,40,1
97,ERK8,11,10
101,ERK8,0,10
102,ERK8,16,2
102,ERK8,13,10
103,ERK8,47,10
103,ERK8,21,20
114,ERK8,42,1
117,ERK8,38,0.1
117,ERK8,6,1
117,ERK8,2,10
133,ERK8,49,10
133,ERK8,1,5
133,ERK8,2,1
138,ERK8,4,10
138,ERK8,34,1
146,ERK8,32,1
146,ERK8,23,10
146,ERK8,23,0.1
160,ERK8,47,1
160,ERK8,13,10
172,ERK8,1,10
172,ERK8,6,1
177,ERK8,40,0.1
177,ERK8,4,1
181,ERK8,43,0.1
181,ERK8,6,1
208,ERK8,17,10
219,ERK8,22,0.1
219,ERK8,4,1
252,ERK8,20,1
252,ERK8,46,0.1
259,ERK8,47,1
259,ERK8,26,10
279,ERK8,15,1
289,ERK8,48,0.01
289,ERK8,8,0.1
289,ERK8,11,1
294,ERK8,3,10
294,ERK8,3,1
300,ERK8,19,1
300,ERK8,46,0.1
313,ERK8,1,1
313,ERK8,3,0.1
320,ERK8,42,0.1
320,ERK8,8,1
330,ERK8,36,1
339,ERK8,2,10
339,ERK8,8,1
341,ERK8,10,1
343,ERK8,34,1
344,ERK8,40,1
349,ERK8,38,1
352,ERK8,49,1
355,ERK8,16,1
356,ERK8,18,1
10,FGF-R1,46,1
23,FGF-R1,44,1
23,FGF-R1,13,10
25,FGF-R1,17,0.1
25,FGF-R1,2,1
25,FGF-R1,1,10
43,FGF-R1,6,10
52,FGF-R1,49,1
53,FGF-R1,34,1
64,FGF-R1,49,10
64,FGF-R1,49,1
91,FGF-R1,11,10
91,FGF-R1,47,0.1
91,FGF-R1,43,1
96,FGF-R1,13,10
96,FGF-R1,40,1
115,FGF-R1,40,1
115,FGF-R1,20,10
119,FGF-R1,21,10
119,FGF-R1,37,1
133,FGF-R1,29,10
133,FGF-R1,24,1
133,FGF-R1,4,5
149,FGF-R1,2,10
149,FGF-R1,30,0.1
149,FGF-R1,10,1
156,FGF-R1,14,10
156,FGF-R1,27,1
172,FGF-R1,44,1
172,FGF-R1,20,10
175,FGF-R1,49,0.1
175,FGF-R1,8,1
175,FGF-R1,3,10
207,FGF-R1,20,1
208,FGF-R1,3,10
219,FGF-R1,20,0.1
219,FGF-R1,8,1
259,FGF-R1,10,1
259,FGF-R1,2,10
279,FGF-R1,17,1
294,FGF-R1,8,10
294,FGF-R1,27,1
300,FGF-R1,2,1
300,FGF-R1,19,0.1
313,FGF-R1,4,1
313,FGF-R1,12,0.1
320,FGF-R1,49,0.1
320,FGF-R1,9,1
18,GCK,8,10
18,GCK,37,1
26,GCK,21,0.1
26,GCK,10,1
35,GCK,9,1
35,GCK,29,0.1
35,GCK,5,10
41,GCK,7,10
41,GCK,43,1
46,GCK,48,10
46,GCK,21,25
63,GCK,48,1
63,GCK,8,10
64,GCK,24,1
64,GCK,8,10
66,GCK,4,1
66,GCK,3,10
96,GCK,4,10
96,GCK,15,1
119,GCK,6,10
119,GCK,7,1
127,GCK,11,0.1
127,GCK,4,1
133,GCK,2,5
133,GCK,30,1
139,GCK,24,0.1
139,GCK,8,1
142,GCK,8,0.2
142,GCK,5,1
146,GCK,3,1
146,GCK,1,10
146,GCK,8,0.1
149,GCK,12,0.1
149,GCK,5,1
166,GCK,7,0.1
166,GCK,6,1
166,GCK,5,10
172,GCK,12,10
172,GCK,39,1
178,GCK,44,10
180,GCK,37,0.1
180,GCK,11,1
180,GCK,3,10
207,GCK,43,1
208,GCK,7,10
220,GCK,11,10
220,GCK,22,1
252,GCK,20,1
252,GCK,45,0.1
259,GCK,45,1
259,GCK,17,10
277,GCK,9,10
277,GCK,12,1
277,GCK,24,0.1
279,GCK,3,1
280,GCK,4,1
280,GCK,5,10
289,GCK,6,0.01
289,GCK,4,0.1
289,GCK,2,1
293,GCK,20,100
294,GCK,1,10
294,GCK,4,1
313,GCK,0,1
313,GCK,1,0.1
319,GCK,49,0.1
319,GCK,14,1
319,GCK,3,10
320,GCK,39,0.1
320,GCK,11,1
329,GCK,4,1
329,GCK,9,0.1
339,GCK,3,10
339,GCK,8,1
341,GCK,13,1
344,GCK,40,1
345,GCK,34,1
349,GCK,34,1
10,GSK3 beta ,3,1
11,GSK3 beta ,3,10
12,GSK3 beta ,2,1
12,GSK3 beta ,1,10
25,GSK3 beta ,11,0.1
25,GSK3 beta ,7,1
25,GSK3 beta ,3,10
33,GSK3 beta ,1,1
33,GSK3 beta ,1,10
47,GSK3 beta ,2,10
49,GSK3 beta ,24,0.1
55,GSK3 beta ,42,10
67,GSK3 beta ,3,1
72,GSK3 beta ,30,
72,GSK3 beta ,25,
91,GSK3 beta ,37,10
91,GSK3 beta ,46,0.1
91,GSK3 beta ,41,1
92,GSK3 beta ,46,10
96,GSK3 beta ,4,0.1
96,GSK3 beta ,1,10
96,GSK3 beta ,1,1
100,GSK3 beta ,34,1
100,GSK3 beta ,12,10
101,GSK3 beta ,-3,10
102,GSK3 beta ,5,2
102,GSK3 beta ,4,10
129,GSK3 beta ,11,10
129,GSK3 beta ,47,1
135,GSK3 beta ,38,1
135,GSK3 beta ,10,10
172,GSK3 beta ,24,1
172,GSK3 beta ,6,10
208,GSK3 beta ,1,10
219,GSK3 beta ,37,0.1
219,GSK3 beta ,6,1
221,GSK3 beta ,31,100
279,GSK3 beta ,5,1
280,GSK3 beta ,15,1
280,GSK3 beta ,16,10
294,GSK3 beta ,4,10
294,GSK3 beta ,2,1
313,GSK3 beta ,0,1
313,GSK3 beta ,2,0.1
6,HER4,33,10
6,HER4,8,100
66,HER4,14,1
66,HER4,13,10
90,HER4,24,1
90,HER4,18,10
96,HER4,15,10
96,HER4,40,1
141,HER4,27,10
152,HER4,49,1
154,HER4,3,10
154,HER4,25,1
208,HER4,10,10
211,HER4,5,10
211,HER4,8,1
211,HER4,7,0.1
259,HER4,36,1
259,HER4,7,10
313,HER4,4,1
313,HER4,16,0.1
328,HER4,6,1
328,HER4,27,0.1
329,HER4,1,1
329,HER4,9,0.1
342,HER4,23,1
342,HER4,16,10
66,HIPK1,34,1
66,HIPK1,7,10
91,HIPK1,5,10
91,HIPK1,45,0.1
91,HIPK1,42,1
95,HIPK1,48,10
96,HIPK1,8,10
96,HIPK1,23,1
172,HIPK1,8,10
172,HIPK1,35,1
207,HIPK1,33,1
208,HIPK1,26,10
219,HIPK1,44,0.1
219,HIPK1,17,1
279,HIPK1,30,1
294,HIPK1,10,10
294,HIPK1,47,1
310,HIPK1,3,1
310,HIPK1,7,0.1
313,HIPK1,0,1
313,HIPK1,2,0.1
12,HIPK2,29,1
12,HIPK2,7,10
16,HIPK2,14,10
25,HIPK2,33,0.1
25,HIPK2,7,1
25,HIPK2,1,10
41,HIPK2,11,10
41,HIPK2,41,1
43,HIPK2,15,10
49,HIPK2,27,0.1
52,HIPK2,38,1
52,HIPK2,4,10
64,HIPK2,49,1
64,HIPK2,32,10
73,HIPK2,43,5
73,HIPK2,38,10
73,HIPK2,7,50
77,HIPK2,41,20
78,HIPK2,43,100
91,HIPK2,5,10
91,HIPK2,14,0.1
91,HIPK2,13,1
96,HIPK2,47,0.1
96,HIPK2,8,10
96,HIPK2,14,1
101,HIPK2,14,10
103,HIPK2,47,10
103,HIPK2,37,20
114,HIPK2,34,1
138,HIPK2,11,10
138,HIPK2,22,1
149,HIPK2,7,10
149,HIPK2,26,0.1
149,HIPK2,14,1
160,HIPK2,28,1
160,HIPK2,8,10
172,HIPK2,8,10
172,HIPK2,12,1
208,HIPK2,5,10
219,HIPK2,31,0.1
219,HIPK2,10,1
221,HIPK2,42,100
279,HIPK2,23,1
280,HIPK2,25,1
280,HIPK2,24,10
294,HIPK2,3,10
294,HIPK2,14,1
313,HIPK2,2,1
313,HIPK2,4,0.1
339,HIPK2,13,10
339,HIPK2,43,1
344,HIPK2,15,1
349,HIPK2,45,1
352,HIPK2,47,1
353,HIPK2,40,1
16,HIPK3,21,10
66,HIPK3,24,1
66,HIPK3,4,10
91,HIPK3,17,10
91,HIPK3,30,0.1
91,HIPK3,31,1
101,HIPK3,41,10
133,HIPK3,33,5
133,HIPK3,37,1
172,HIPK3,11,10
172,HIPK3,49,1
208,HIPK3,13,10
294,HIPK3,11,10
294,HIPK3,37,1
313,HIPK3,0,1
313,HIPK3,1,0.1
344,HIPK3,47,1
352,HIPK3,44,1
25,IGF-1R,49,0.1
25,IGF-1R,33,1
25,IGF-1R,1,10
43,IGF-1R,19,10
66,IGF-1R,49,0.1
66,IGF-1R,3,1
66,IGF-1R,0,10
91,IGF-1R,2,10
91,IGF-1R,2,0.1
91,IGF-1R,2,1
96,IGF-1R,2,10
96,IGF-1R,41,1
172,IGF-1R,37,1
172,IGF-1R,3,10
208,IGF-1R,1,10
222,IGF-1R,8,10
222,IGF-1R,47,1
259,IGF-1R,4,1
259,IGF-1R,3,10
279,IGF-1R,17,1
280,IGF-1R,10,1
280,IGF-1R,6,10
290,IGF-1R,32,1
290,IGF-1R,38,10
291,IGF-1R,35,1
291,IGF-1R,8,10
300,IGF-1R,3,1
300,IGF-1R,12,0.1
313,IGF-1R,4,1
313,IGF-1R,8,0.1
319,IGF-1R,47,0.1
319,IGF-1R,4,1
319,IGF-1R,1,10
339,IGF-1R,46,10
339,IGF-1R,49,1
14,IKK beta ,28,1
14,IKK beta ,12,10
43,IKK beta ,21,10
63,IKK beta ,15,1
63,IKK beta ,8,10
92,IKK beta ,4,10
103,IKK beta ,28,10
103,IKK beta ,17,20
114,IKK beta ,48,1
134,IKK beta ,44,10
134,IKK beta ,11,30
172,IKK beta ,3,10
172,IKK beta ,6,1
173,IKK beta ,4,10
173,IKK beta ,6,1
201,IKK beta ,16,1
201,IKK beta ,33,0.1
208,IKK beta ,11,10
294,IKK beta ,14,10
294,IKK beta ,35,1
23,IKK epsilon ,37,1
23,IKK epsilon ,3,10
26,IKK epsilon ,40,0.01
26,IKK epsilon ,0,10
26,IKK epsilon ,9,0.1
26,IKK epsilon ,5,1
43,IKK epsilon ,27,10
64,IKK epsilon ,9,1
64,IKK epsilon ,6,10
66,IKK epsilon ,19,0.1
66,IKK epsilon ,2,1
66,IKK epsilon ,2,10
119,IKK epsilon ,21,10
119,IKK epsilon ,33,1
127,IKK epsilon ,6,10
127,IKK epsilon ,8,0.1
127,IKK epsilon ,9,1
139,IKK epsilon ,4,10
139,IKK epsilon ,41,0.1
139,IKK epsilon ,20,1
172,IKK epsilon ,6,10
172,IKK epsilon ,15,1
175,IKK epsilon ,25,0.1
175,IKK epsilon ,3,1
175,IKK epsilon ,1,10
202,IKK epsilon ,23,1
202,IKK epsilon ,34,0.1
208,IKK epsilon ,14,10
219,IKK epsilon ,28,0.1
219,IKK epsilon ,18,1
279,IKK epsilon ,32,1
289,IKK epsilon ,6,0.01
289,IKK epsilon ,1,0.1
289,IKK epsilon ,2,1
294,IKK epsilon ,1,10
294,IKK epsilon ,8,1
313,IKK epsilon ,2,1
313,IKK epsilon ,18,0.1
317,IKK epsilon ,2,1
317,IKK epsilon ,15,0.1
329,IKK epsilon ,6,1
329,IKK epsilon ,46,0.1
352,IKK epsilon ,26,1
353,IKK epsilon ,30,1
355,IKK epsilon ,44,1
356,IKK epsilon ,34,1
35,IR,40,1
35,IR,46,0.1
35,IR,22,10
91,IR,1,10
91,IR,19,0.1
91,IR,14,1
97,IR,42,10
119,IR,29,10
119,IR,35,1
142,IR,41,0.1
142,IR,11,10
142,IR,40,0.2
142,IR,20,1
172,IR,20,1
172,IR,3,10
207,IR,45,1
208,IR,1,10
259,IR,17,1
259,IR,22,10
280,IR,16,1
280,IR,13,10
290,IR,19,1
290,IR,2,10
300,IR,5,1
300,IR,8,0.1
313,IR,2,1
313,IR,8,0.1
65,IRAK1,11,1
65,IRAK1,15,0.1
66,IRAK1,2,10
119,IRAK1,1,10
119,IRAK1,2,1
175,IRAK1,24,0.1
175,IRAK1,4,1
175,IRAK1,2,10
208,IRAK1,2,10
219,IRAK1,19,0.1
219,IRAK1,5,1
252,IRAK1,5,1
252,IRAK1,26,0.1
258,IRAK1,8,1
258,IRAK1,18,0.1
259,IRAK1,41,1
259,IRAK1,12,10
279,IRAK1,11,1
280,IRAK1,31,1
280,IRAK1,31,10
289,IRAK1,15,0.01
289,IRAK1,2,0.1
289,IRAK1,3,1
294,IRAK1,6,10
294,IRAK1,6,1
313,IRAK1,3,1
313,IRAK1,9,0.1
339,IRAK1,5,10
339,IRAK1,25,1
341,IRAK1,48,1
64,IRAK4,13,1
64,IRAK4,6,10
65,IRAK4,2,10
65,IRAK4,6,1
65,IRAK4,6,0.1
66,IRAK4,2,1
66,IRAK4,3,10
91,IRAK4,2,10
91,IRAK4,5,0.1
91,IRAK4,3,1
96,IRAK4,16,10
96,IRAK4,40,1
119,IRAK4,6,10
119,IRAK4,10,1
133,IRAK4,9,5
133,IRAK4,47,1
139,IRAK4,9,0.1
139,IRAK4,5,1
146,IRAK4,12,1
146,IRAK4,12,10
146,IRAK4,20,0.1
154,IRAK4,11,10
154,IRAK4,38,1
207,IRAK4,15,1
208,IRAK4,3,10
258,IRAK4,8,1
258,IRAK4,34,0.1
259,IRAK4,43,1
259,IRAK4,16,10
279,IRAK4,33,1
289,IRAK4,7,0.01
289,IRAK4,7,0.1
289,IRAK4,4,1
294,IRAK4,8,10
294,IRAK4,26,1
313,IRAK4,7,1
313,IRAK4,6,0.1
320,IRAK4,42,0.1
320,IRAK4,10,1
341,IRAK4,28,1
10,IRR,37,1
11,IRR,45,10
25,IRR,35,0.1
25,IRR,16,1
25,IRR,5,10
41,IRR,24,10
41,IRR,39,1
43,IRR,28,10
61,IRR,37,1
61,IRR,33,10
66,IRR,29,0.1
66,IRR,19,1
66,IRR,2,10
96,IRR,19,10
96,IRR,23,1
97,IRR,40,10
101,IRR,31,10
169,IRR,45,1
169,IRR,39,10
208,IRR,4,10
279,IRR,16,1
280,IRR,29,1
280,IRR,25,10
289,IRR,47,0.01
289,IRR,12,0.1
289,IRR,9,1
294,IRR,9,10
294,IRR,23,1
313,IRR,6,1
313,IRR,19,0.1
26,JAK2,7,0.1
26,JAK2,2,1
63,JAK2,11,1
63,JAK2,9,10
64,JAK2,34,1
64,JAK2,18,10
66,JAK2,1,1
66,JAK2,3,10
83,JAK2,8,10
83,JAK2,8,1
95,JAK2,27,10
119,JAK2,0,10
119,JAK2,2,1
127,JAK2,14,0.1
127,JAK2,6,1
139,JAK2,29,0.1
139,JAK2,7,1
146,JAK2,24,0.1
149,JAK2,13,0.1
149,JAK2,7,1
172,JAK2,2,1
172,JAK2,1,10
173,JAK2,4,10
173,JAK2,27,1
175,JAK2,3,0.1
175,JAK2,2,1
175,JAK2,-8,10
189,JAK2,2,1
189,JAK2,3,0.1
202,JAK2,14,1
202,JAK2,41,0.1
204,JAK2,4,0.1
204,JAK2,3,1
205,JAK2,17,10
207,JAK2,42,1
208,JAK2,5,10
213,JAK2,9,10
213,JAK2,8,1
214,JAK2,8,10
214,JAK2,5,1
219,JAK2,4,0.1
219,JAK2,3,1
220,JAK2,31,10
220,JAK2,26,1
259,JAK2,21,1
259,JAK2,8,10
279,JAK2,27,1
289,JAK2,10,0.01
289,JAK2,12,0.1
289,JAK2,7,1
293,JAK2,30,100
294,JAK2,4,10
294,JAK2,12,1
300,JAK2,5,1
300,JAK2,22,0.1
310,JAK2,10,1
310,JAK2,39,0.1
313,JAK2,3,1
313,JAK2,3,0.1
320,JAK2,27,0.1
320,JAK2,10,1
71,JNK1,38,1
114,JNK1,22,1
208,JNK1,6,10
222,JNK1,2,10
222,JNK1,21,1
252,JNK1,4,1
252,JNK1,9,0.1
253,JNK1,6,1
253,JNK1,13,0.1
294,JNK1,9,10
294,JNK1,34,1
20,JNK2,27,0.1
20,JNK2,4,1
114,JNK2,24,1
208,JNK2,21,10
222,JNK2,7,10
222,JNK2,25,1
294,JNK2,12,10
294,JNK2,41,1
313,JNK2,16,1
313,JNK2,41,0.1
66,JNK3,3,1
66,JNK3,5,10
71,JNK3,43,1
114,JNK3,47,1
172,JNK3,35,10
172,JNK3,41,1
208,JNK3,15,10
222,JNK3,13,10
222,JNK3,23,1
252,JNK3,16,1
252,JNK3,15,0.1
253,JNK3,13,1
253,JNK3,14,0.1
294,JNK3,12,10
294,JNK3,48,1
2,Lck,30,1
2,Lck,6,10
3,Lck,18,1
3,Lck,3,10
16,Lck,27,10
25,Lck,44,0.1
25,Lck,10,1
25,Lck,3,10
44,Lck,10,3
47,Lck,27,10
48,Lck,7,10
48,Lck,29,1
62,Lck,49,25
64,Lck,35,1
64,Lck,33,10
66,Lck,43,0.1
66,Lck,6,1
66,Lck,10,10
67,Lck,29,1
69,Lck,30,10
89,Lck,33,0.1
89,Lck,6,1
89,Lck,2,10
90,Lck,30,0.1
90,Lck,6,1
90,Lck,2,10
91,Lck,5,10
91,Lck,43,0.1
91,Lck,13,1
115,Lck,11,1
115,Lck,4,10
119,Lck,12,10
119,Lck,12,1
122,Lck,49,0.01
125,Lck,10,1
125,Lck,2,10
130,Lck,28,1
130,Lck,10,10
149,Lck,4,10
149,Lck,36,0.1
149,Lck,42,1
172,Lck,16,1
172,Lck,3,10
175,Lck,27,0.1
175,Lck,4,1
175,Lck,5,10
207,Lck,43,1
208,Lck,6,10
211,Lck,9,10
211,Lck,14,1
211,Lck,22,0.1
219,Lck,10,0.1
219,Lck,4,1
223,Lck,17,10
223,Lck,32,1
259,Lck,24,1
259,Lck,7,10
277,Lck,6,10
277,Lck,1,1
277,Lck,13,0.1
279,Lck,9,1
289,Lck,44,0.01
289,Lck,13,0.1
289,Lck,3,1
300,Lck,7,1
300,Lck,10,0.1
313,Lck,0,1
313,Lck,1,0.1
328,Lck,1,1
328,Lck,1,0.1
329,Lck,1,1
329,Lck,1,0.1
341,Lck,21,1
66,LKB1,11,1
66,LKB1,11,10
149,LKB1,39,0.1
149,LKB1,17,1
208,LKB1,11,10
279,LKB1,46,1
119,MAP4K3,3,10
119,MAP4K3,1,1
279,MAP4K3,6,1
280,MAP4K3,34,1
280,MAP4K3,29,10
289,MAP4K3,3,0.01
289,MAP4K3,2,0.1
289,MAP4K3,1,1
294,MAP4K3,-1,10
294,MAP4K3,-1,1
310,MAP4K3,2,1
310,MAP4K3,11,0.1
313,MAP4K3,1,1
313,MAP4K3,2,0.1
329,MAP4K3,1,1
329,MAP4K3,3,0.1
341,MAP4K3,0,1
345,MAP4K3,39,1
349,MAP4K3,25,1
352,MAP4K3,8,1
353,MAP4K3,38,1
355,MAP4K3,4,1
356,MAP4K3,2,1
119,MAP4K5,4,10
119,MAP4K5,4,1
279,MAP4K5,7,1
289,MAP4K5,10,0.01
289,MAP4K5,7,0.1
289,MAP4K5,4,1
294,MAP4K5,-1,10
294,MAP4K5,4,1
310,MAP4K5,5,1
310,MAP4K5,5,0.1
313,MAP4K5,3,1
313,MAP4K5,2,0.1
328,MAP4K5,3,1
328,MAP4K5,22,0.1
329,MAP4K5,1,1
329,MAP4K5,0,0.1
341,MAP4K5,6,1
343,MAP4K5,39,1
344,MAP4K5,39,1
345,MAP4K5,34,1
349,MAP4K5,13,1
354,MAP4K5,8,1
354,MAP4K5,31,0.1
355,MAP4K5,18,1
356,MAP4K5,19,1
43,MAPKAP-K2 ,22,10
47,MAPKAP-K2 ,20,10
66,MAPKAP-K2 ,4,0.1
66,MAPKAP-K2 ,2,1
66,MAPKAP-K2 ,0,10
71,MAPKAP-K2 ,28,1
98,MAPKAP-K2 ,34,10
98,MAPKAP-K2 ,8,20
208,MAPKAP-K2 ,1,10
262,MAPKAP-K2 ,24,0.1
262,MAPKAP-K2 ,9,1
262,MAPKAP-K2 ,2,10
289,MAPKAP-K2 ,19,0.01
289,MAPKAP-K2 ,0,0.1
289,MAPKAP-K2 ,-1,1
293,MAPKAP-K2 ,40,100
313,MAPKAP-K2 ,14,1
313,MAPKAP-K2 ,36,0.1
66,MAPKAP-K3,49,1
66,MAPKAP-K3,11,10
133,MAPKAP-K3,10,5
133,MAPKAP-K3,26,1
205,MAPKAP-K3,41,10
208,MAPKAP-K3,33,10
26,MARK1,13,0.1
26,MARK1,8,1
64,MARK1,33,1
64,MARK1,31,10
66,MARK1,6,1
66,MARK1,16,10
156,MARK1,11,10
156,MARK1,40,1
202,MARK1,9,1
202,MARK1,16,0.1
208,MARK1,23,10
259,MARK1,36,1
259,MARK1,13,10
279,MARK1,46,1
289,MARK1,11,0.01
289,MARK1,5,0.1
289,MARK1,5,1
294,MARK1,1,10
294,MARK1,9,1
300,MARK1,21,1
300,MARK1,25,0.1
320,MARK1,41,0.1
320,MARK1,10,1
341,MARK1,14,1
26,MARK2,10,0.1
26,MARK2,5,1
64,MARK2,39,1
64,MARK2,35,10
66,MARK2,24,1
66,MARK2,20,10
202,MARK2,10,1
202,MARK2,27,0.1
208,MARK2,38,10
259,MARK2,27,1
259,MARK2,6,10
279,MARK2,34,1
289,MARK2,11,0.01
289,MARK2,5,0.1
289,MARK2,4,1
294,MARK2,2,10
294,MARK2,11,1
300,MARK2,8,1
300,MARK2,12,0.1
320,MARK2,42,0.1
320,MARK2,12,1
341,MARK2,31,1
23,MARK3,35,1
23,MARK3,7,10
25,MARK3,16,0.1
25,MARK3,5,1
25,MARK3,3,10
26,MARK3,12,0.01
26,MARK3,2,10
26,MARK3,6,0.1
26,MARK3,3,1
43,MARK3,6,10
49,MARK3,16,0.1
53,MARK3,49,1
64,MARK3,31,1
64,MARK3,41,10
66,MARK3,8,0.1
66,MARK3,5,1
66,MARK3,1,10
67,MARK3,36,1
71,MARK3,29,1
114,MARK3,49,1
119,MARK3,38,10
119,MARK3,35,1
122,MARK3,5,0.01
127,MARK3,5,10
127,MARK3,35,0.1
127,MARK3,18,1
172,MARK3,47,1
172,MARK3,16,10
202,MARK3,1,1
202,MARK3,15,0.1
208,MARK3,1,10
219,MARK3,41,0.1
219,MARK3,16,1
222,MARK3,14,10
222,MARK3,49,1
259,MARK3,34,1
259,MARK3,7,10
279,MARK3,26,1
280,MARK3,49,1
280,MARK3,44,10
289,MARK3,7,0.01
289,MARK3,3,0.1
289,MARK3,2,1
294,MARK3,4,10
294,MARK3,7,1
300,MARK3,1,1
300,MARK3,2,0.1
310,MARK3,10,1
310,MARK3,41,0.1
313,MARK3,13,1
313,MARK3,46,0.1
320,MARK3,18,0.1
320,MARK3,4,1
341,MARK3,8,1
26,MARK4,15,0.1
26,MARK4,9,1
66,MARK4,7,1
66,MARK4,9,10
133,MARK4,41,5
133,MARK4,47,1
156,MARK4,20,10
156,MARK4,34,1
172,MARK4,42,1
172,MARK4,32,10
202,MARK4,29,1
202,MARK4,33,0.1
208,MARK4,8,10
259,MARK4,37,1
259,MARK4,19,10
279,MARK4,45,1
289,MARK4,10,0.01
289,MARK4,2,0.1
289,MARK4,1,1
294,MARK4,3,10
294,MARK4,11,1
300,MARK4,1,1
300,MARK4,3,0.1
313,MARK4,14,1
313,MARK4,41,0.1
320,MARK4,32,0.1
320,MARK4,7,1
341,MARK4,24,1
6,MEKK1,26,10
6,MEKK1,7,100
91,MEKK1,5,10
91,MEKK1,46,0.1
91,MEKK1,35,1
139,MEKK1,39,0.1
139,MEKK1,21,1
149,MEKK1,29,0.1
149,MEKK1,20,1
208,MEKK1,33,10
25,MELK,16,0.1
25,MELK,3,1
25,MELK,0,10
33,MELK,45,1
33,MELK,16,10
35,MELK,27,1
35,MELK,43,0.1
35,MELK,16,10
49,MELK,17,0.1
53,MELK,49,1
54,MELK,35,10
55,MELK,23,10
56,MELK,38,10
56,MELK,42,1
66,MELK,5,0.1
66,MELK,5,1
66,MELK,9,10
71,MELK,14,1
91,MELK,5,10
91,MELK,42,0.1
91,MELK,15,1
114,MELK,14,1
125,MELK,20,1
125,MELK,3,10
202,MELK,26,1
202,MELK,43,0.1
207,MELK,46,1
208,MELK,20,10
219,MELK,37,0.1
219,MELK,27,1
220,MELK,49,10
220,MELK,49,1
279,MELK,27,1
289,MELK,18,0.01
289,MELK,10,0.1
289,MELK,5,1
294,MELK,3,10
294,MELK,6,1
300,MELK,5,1
300,MELK,8,0.1
313,MELK,6,1
313,MELK,5,0.1
341,MELK,34,1
352,MELK,19,1
353,MELK,22,1
355,MELK,12,1
356,MELK,11,1
18,MINK1,8,10
18,MINK1,7,1
41,MINK1,12,10
41,MINK1,42,1
64,MINK1,5,1
64,MINK1,1,10
66,MINK1,3,1
66,MINK1,24,10
96,MINK1,3,10
96,MINK1,9,1
127,MINK1,15,0.1
127,MINK1,7,1
133,MINK1,1,5
133,MINK1,3,1
141,MINK1,33,10
149,MINK1,44,0.1
149,MINK1,6,1
172,MINK1,10,10
172,MINK1,35,1
184,MINK1,16,10
184,MINK1,44,1
207,MINK1,45,1
208,MINK1,19,10
223,MINK1,10,10
223,MINK1,27,1
279,MINK1,6,1
289,MINK1,4,0.01
289,MINK1,3,0.1
289,MINK1,2,1
294,MINK1,1,10
294,MINK1,4,1
313,MINK1,2,1
313,MINK1,3,0.1
329,MINK1,1,1
329,MINK1,5,0.1
339,MINK1,4,10
339,MINK1,12,1
341,MINK1,17,1
354,MINK1,8,1
354,MINK1,34,0.1
25,MKK1,8,0.1
25,MKK1,1,1
25,MKK1,2,10
47,MKK1,47,10
66,MKK1,1,0.1
66,MKK1,0,1
66,MKK1,1,10
71,MKK1,24,1
81,MKK1,-2,1
81,MKK1,2,10
83,MKK1,3,10
83,MKK1,20,1
84,MKK1,45,1
84,MKK1,12,10
119,MKK1,28,10
119,MKK1,38,1
120,MKK1,31,1
120,MKK1,10,10
125,MKK1,48,1
125,MKK1,36,10
127,MKK1,6,10
127,MKK1,10,0.1
127,MKK1,2,1
139,MKK1,10,10
139,MKK1,45,0.1
139,MKK1,14,1
151,MKK1,47,0.1
151,MKK1,17,1
177,MKK1,13,0.1
177,MKK1,2,1
205,MKK1,29,10
206,MKK1,8,1
208,MKK1,15,10
213,MKK1,2,10
213,MKK1,18,1
214,MKK1,3,10
214,MKK1,36,1
219,MKK1,40,0.1
219,MKK1,13,1
289,MKK1,9,0.01
289,MKK1,0,0.1
289,MKK1,0,1
294,MKK1,0,10
294,MKK1,2,1
313,MKK1,3,1
313,MKK1,8,0.1
341,MKK1,39,1
66,MKK2,5,10
83,MKK2,14,10
83,MKK2,48,1
96,MKK2,7,10
96,MKK2,24,1
127,MKK2,34,0.1
127,MKK2,16,1
151,MKK2,41,0.1
151,MKK2,10,1
177,MKK2,12,0.1
177,MKK2,3,1
203,MKK2,48,10
203,MKK2,22,100
205,MKK2,9,10
206,MKK2,20,1
207,MKK2,42,1
208,MKK2,8,10
289,MKK2,32,0.01
289,MKK2,17,0.1
289,MKK2,14,1
294,MKK2,1,10
294,MKK2,2,1
313,MKK2,10,1
313,MKK2,15,0.1
341,MKK2,32,1
355,MKK2,42,1
356,MKK2,41,1
66,MKK6,32,10
177,MKK6,12,0.1
177,MKK6,10,1
208,MKK6,37,10
289,MKK6,10,0.01
289,MKK6,13,0.1
289,MKK6,5,1
294,MKK6,12,10
294,MKK6,20,1
18,MLK1,12,10
18,MLK1,16,1
19,MLK1,48,0.1
26,MLK1,17,0.1
26,MLK1,5,1
41,MLK1,17,10
41,MLK1,33,1
63,MLK1,21,1
63,MLK1,4,10
64,MLK1,28,1
64,MLK1,8,10
66,MLK1,43,1
66,MLK1,15,10
95,MLK1,44,10
119,MLK1,45,10
119,MLK1,33,1
127,MLK1,26,0.1
127,MLK1,27,1
133,MLK1,4,5
133,MLK1,16,1
139,MLK1,45,0.1
139,MLK1,32,1
149,MLK1,48,0.1
149,MLK1,6,1
172,MLK1,34,10
172,MLK1,30,1
175,MLK1,4,0.1
175,MLK1,2,1
175,MLK1,1,10
181,MLK1,40,0.1
181,MLK1,4,1
202,MLK1,16,1
202,MLK1,40,0.1
207,MLK1,25,1
208,MLK1,24,10
219,MLK1,7,0.1
219,MLK1,6,1
222,MLK1,8,10
222,MLK1,16,1
259,MLK1,24,1
259,MLK1,8,10
261,MLK1,38,1
261,MLK1,18,10
279,MLK1,17,1
280,MLK1,36,1
280,MLK1,33,10
289,MLK1,3,0.01
289,MLK1,2,0.1
289,MLK1,2,1
290,MLK1,25,1
290,MLK1,3,10
291,MLK1,39,1
291,MLK1,7,10
293,MLK1,29,100
294,MLK1,2,10
294,MLK1,11,1
300,MLK1,6,1
300,MLK1,5,0.1
310,MLK1,5,1
310,MLK1,30,0.1
311,MLK1,6,10
311,MLK1,18,1
313,MLK1,1,1
313,MLK1,3,0.1
317,MLK1,3,1
317,MLK1,23,0.1
320,MLK1,16,0.1
320,MLK1,2,1
341,MLK1,2,1
343,MLK1,28,1
344,MLK1,24,1
345,MLK1,8,1
349,MLK1,10,1
352,MLK1,16,1
353,MLK1,24,1
355,MLK1,32,1
356,MLK1,9,1
6,MLK3,43,10
6,MLK3,4,100
18,MLK3,4,10
18,MLK3,8,1
19,MLK3,14,0.1
26,MLK3,11,0.1
26,MLK3,2,1
41,MLK3,6,10
41,MLK3,6,1
63,MLK3,19,1
63,MLK3,2,10
64,MLK3,5,1
64,MLK3,3,10
66,MLK3,3,1
66,MLK3,11,10
95,MLK3,35,10
96,MLK3,3,10
96,MLK3,7,1
118,MLK3,49,0.1
118,MLK3,18,1
119,MLK3,25,10
119,MLK3,32,1
127,MLK3,8,0.1
127,MLK3,4,1
133,MLK3,2,5
133,MLK3,9,1
139,MLK3,24,0.1
139,MLK3,7,1
172,MLK3,5,10
172,MLK3,7,1
175,MLK3,8,0.1
175,MLK3,3,1
175,MLK3,2,10
207,MLK3,32,1
208,MLK3,14,10
219,MLK3,15,0.1
219,MLK3,8,1
222,MLK3,11,10
222,MLK3,22,1
279,MLK3,4,1
280,MLK3,20,1
280,MLK3,22,10
289,MLK3,17,0.01
289,MLK3,5,0.1
289,MLK3,3,1
290,MLK3,23,1
290,MLK3,5,10
291,MLK3,35,1
291,MLK3,9,10
293,MLK3,18,100
294,MLK3,2,10
294,MLK3,6,1
300,MLK3,7,1
300,MLK3,8,0.1
310,MLK3,2,1
310,MLK3,12,0.1
311,MLK3,5,10
311,MLK3,10,1
313,MLK3,2,1
313,MLK3,2,0.1
317,MLK3,5,1
317,MLK3,31,0.1
319,MLK3,29,0.1
319,MLK3,9,1
319,MLK3,5,10
320,MLK3,11,0.1
320,MLK3,11,1
329,MLK3,8,1
329,MLK3,42,0.1
341,MLK3,4,1
343,MLK3,15,1
344,MLK3,11,1
345,MLK3,6,1
349,MLK3,6,1
352,MLK3,24,1
353,MLK3,29,1
355,MLK3,30,1
356,MLK3,10,1
28,MNK1,35,1
28,MNK1,6,10
44,MNK1,42,3
53,MNK1,49,1
64,MNK1,47,1
64,MNK1,34,10
66,MNK1,28,0.1
66,MNK1,41,1
66,MNK1,42,10
92,MNK1,44,10
117,MNK1,30,0.1
117,MNK1,10,1
117,MNK1,14,10
128,MNK1,25,10
146,MNK1,3,1
146,MNK1,3,10
146,MNK1,28,0.1
154,MNK1,7,10
154,MNK1,44,1
157,MNK1,24,20
157,MNK1,34,10
172,MNK1,43,1
172,MNK1,27,10
208,MNK1,38,10
279,MNK1,37,1
294,MNK1,2,10
294,MNK1,4,1
341,MNK1,35,1
16,MNK2,40,10
26,MNK2,46,0.01
26,MNK2,6,10
26,MNK2,18,0.1
26,MNK2,15,1
49,MNK2,34,0.1
64,MNK2,47,1
64,MNK2,35,10
66,MNK2,6,0.1
66,MNK2,8,1
66,MNK2,39,10
71,MNK2,13,1
154,MNK2,36,10
154,MNK2,47,1
172,MNK2,45,1
172,MNK2,37,10
177,MNK2,41,0.1
177,MNK2,26,1
208,MNK2,39,10
261,MNK2,20,1
261,MNK2,7,10
279,MNK2,25,1
294,MNK2,2,10
294,MNK2,13,1
313,MNK2,13,1
313,MNK2,49,0.1
339,MNK2,14,10
339,MNK2,27,1
341,MNK2,16,1
66,MPSK1,12,10
200,MPSK1,47,10
200,MPSK1,46,1
208,MPSK1,16,10
5,MSK1,19,0.01
5,MSK1,9,0.1
43,MSK1,40,10
47,MSK1,0,10
49,MSK1,7,0.1
50,MSK1,11,0.1
50,MSK1,3,1
50,MSK1,3,10
53,MSK1,38,1
54,MSK1,36,10
55,MSK1,32,10
56,MSK1,5,10
56,MSK1,7,1
66,MSK1,28,0.1
66,MSK1,4,1
66,MSK1,1,10
71,MSK1,39,1
78,MSK1,30,10
78,MSK1,11,100
96,MSK1,12,0.1
96,MSK1,0,10
96,MSK1,1,1
128,MSK1,27,10
152,MSK1,19,1
153,MSK1,11,0.1
153,MSK1,3,1
208,MSK1,1,10
266,MSK1,1,10
266,MSK1,22,0.1
266,MSK1,5,1
279,MSK1,29,1
289,MSK1,41,0.01
289,MSK1,10,0.1
289,MSK1,2,1
294,MSK1,4,10
294,MSK1,13,1
313,MSK1,5,1
313,MSK1,24,0.1
344,MSK1,30,1
345,MSK1,41,1
349,MSK1,31,1
352,MSK1,7,1
353,MSK1,13,1
355,MSK1,19,1
356,MSK1,10,1
2,MST2,46,1
2,MST2,10,10
3,MST2,45,1
3,MST2,9,10
25,MST2,8,0.1
25,MST2,2,1
25,MST2,0,10
43,MST2,37,10
49,MST2,0,0.1
50,MST2,20,0.1
50,MST2,3,1
50,MST2,2,10
52,MST2,40,1
52,MST2,1,10
64,MST2,19,1
64,MST2,7,10
66,MST2,4,0.1
66,MST2,2,1
66,MST2,14,10
67,MST2,41,1
71,MST2,26,1
91,MST2,3,10
91,MST2,16,0.1
91,MST2,19,1
96,MST2,21,0.1
96,MST2,8,10
96,MST2,16,1
101,MST2,31,10
102,MST2,25,2
102,MST2,14,10
114,MST2,31,1
119,MST2,6,10
119,MST2,7,1
122,MST2,2,0.01
127,MST2,1,10
127,MST2,15,0.1
127,MST2,4,1
128,MST2,46,10
139,MST2,1,10
139,MST2,26,0.1
139,MST2,7,1
207,MST2,39,1
208,MST2,30,10
279,MST2,23,1
289,MST2,18,0.01
289,MST2,16,0.1
289,MST2,9,1
294,MST2,3,10
294,MST2,4,1
300,MST2,13,1
300,MST2,46,0.1
313,MST2,7,1
313,MST2,3,0.1
341,MST2,5,1
119,MST3,23,10
119,MST3,42,1
294,MST3,20,10
294,MST3,12,1
313,MST3,5,1
313,MST3,43,0.1
341,MST3,41,1
43,MST4,24,10
96,MST4,15,10
96,MST4,21,1
101,MST4,49,10
102,MST4,47,2
102,MST4,22,10
127,MST4,35,10
127,MST4,32,0.1
127,MST4,14,1
208,MST4,29,10
279,MST4,41,1
294,MST4,2,10
294,MST4,47,1
300,MST4,11,1
300,MST4,46,0.1
313,MST4,5,1
313,MST4,19,0.1
329,MST4,7,1
329,MST4,20,0.1
43,NEK2a,5,10
64,NEK2a,41,1
64,NEK2a,39,10
208,NEK2a,11,10
219,NEK2a,22,0.1
219,NEK2a,3,1
339,NEK2a,10,10
339,NEK2a,49,1
101,NEK6,42,10
18,NUAK1,9,10
18,NUAK1,44,1
26,NUAK1,7,0.1
26,NUAK1,7,1
35,NUAK1,34,1
35,NUAK1,45,0.1
35,NUAK1,17,10
56,NUAK1,4,10
56,NUAK1,18,1
63,NUAK1,8,10
63,NUAK1,31,1
64,NUAK1,35,1
64,NUAK1,35,10
66,NUAK1,7,1
66,NUAK1,2,10
91,NUAK1,7,10
91,NUAK1,40,0.1
91,NUAK1,37,1
96,NUAK1,4,10
96,NUAK1,19,1
127,NUAK1,30,0.1
127,NUAK1,25,1
133,NUAK1,6,5
133,NUAK1,11,1
139,NUAK1,30,0.1
139,NUAK1,22,1
141,NUAK1,42,10
146,NUAK1,15,1
146,NUAK1,10,10
146,NUAK1,45,0.1
151,NUAK1,29,0.1
151,NUAK1,24,1
156,NUAK1,12,10
156,NUAK1,33,1
172,NUAK1,26,1
172,NUAK1,19,10
202,NUAK1,11,1
202,NUAK1,47,0.1
207,NUAK1,27,1
208,NUAK1,4,10
217,NUAK1,7,10
217,NUAK1,9,1
217,NUAK1,44,0.1
219,NUAK1,16,0.1
219,NUAK1,13,1
220,NUAK1,16,10
220,NUAK1,32,1
221,NUAK1,44,100
259,NUAK1,10,1
259,NUAK1,3,10
261,NUAK1,43,1
261,NUAK1,20,10
279,NUAK1,2,1
280,NUAK1,26,1
280,NUAK1,1,10
289,NUAK1,2,0.01
289,NUAK1,2,0.1
289,NUAK1,1,1
290,NUAK1,13,1
290,NUAK1,2,10
291,NUAK1,41,1
291,NUAK1,9,10
293,NUAK1,33,100
294,NUAK1,1,10
294,NUAK1,2,1
300,NUAK1,2,1
300,NUAK1,3,0.1
313,NUAK1,0,1
313,NUAK1,2,0.1
320,NUAK1,2,0.1
320,NUAK1,1,1
339,NUAK1,12,10
339,NUAK1,44,1
341,NUAK1,4,1
66,OSR1,4,10
208,OSR1,2,10
2,p38 alpha MAPK,49,1
2,p38 alpha MAPK,17,10
3,p38 alpha MAPK,8,10
3,p38 alpha MAPK,41,1
16,p38 alpha MAPK,14,10
20,p38 alpha MAPK,28,0.1
20,p38 alpha MAPK,3,1
42,p38 alpha MAPK,38,10
100,p38 alpha MAPK,9,1
100,p38 alpha MAPK,2,10
124,p38 alpha MAPK,17,0.1
124,p38 alpha MAPK,5,1
124,p38 alpha MAPK,4,10
130,p38 alpha MAPK,28,1
130,p38 alpha MAPK,7,10
154,p38 alpha MAPK,12,10
154,p38 alpha MAPK,37,1
277,p38 alpha MAPK,3,10
277,p38 alpha MAPK,3,1
277,p38 alpha MAPK,41,0.1
313,p38 alpha MAPK,10,1
313,p38 alpha MAPK,38,0.1
16,p38 beta MAPK,22,10
100,p38 beta MAPK,12,1
100,p38 beta MAPK,3,10
313,p38 beta MAPK,6,1
313,p38 beta MAPK,18,0.1
208,p38 delta MAPK,6,10
313,p38 delta MAPK,4,1
313,p38 delta MAPK,19,0.1
208,p38 gamma MAPK,13,10
294,p38 gamma MAPK,11,10
294,p38 gamma MAPK,26,1
313,p38 gamma MAPK,12,1
313,p38 gamma MAPK,22,0.1
339,p38 gamma MAPK,11,10
339,p38 gamma MAPK,26,1
66,PAK2,11,1
66,PAK2,4,10
91,PAK2,16,10
91,PAK2,44,0.1
91,PAK2,44,1
133,PAK2,2,5
133,PAK2,5,1
141,PAK2,44,10
208,PAK2,1,10
10,PAK4,33,1
43,PAK4,22,10
49,PAK4,5,0.1
66,PAK4,21,0.1
66,PAK4,6,1
66,PAK4,3,10
67,PAK4,7,1
71,PAK4,36,1
93,PAK4,34,0.1
93,PAK4,8,1
122,PAK4,33,0.01
125,PAK4,38,1
125,PAK4,10,10
208,PAK4,8,10
219,PAK4,29,0.1
219,PAK4,9,1
222,PAK4,9,10
222,PAK4,42,1
289,PAK4,25,0.01
289,PAK4,7,0.1
289,PAK4,7,1
293,PAK4,44,100
294,PAK4,15,10
294,PAK4,45,1
310,PAK4,2,1
310,PAK4,13,0.1
313,PAK4,9,1
313,PAK4,18,0.1
319,PAK4,32,0.1
319,PAK4,12,1
319,PAK4,11,10
343,PAK4,39,1
344,PAK4,32,1
345,PAK4,47,1
349,PAK4,46,1
10,PAK5,40,1
43,PAK5,35,10
49,PAK5,7,0.1
66,PAK5,29,0.1
66,PAK5,5,1
66,PAK5,4,10
67,PAK5,13,1
122,PAK5,35,0.01
208,PAK5,3,10
289,PAK5,17,0.01
289,PAK5,4,0.1
289,PAK5,2,1
310,PAK5,3,1
310,PAK5,16,0.1
319,PAK5,33,0.1
319,PAK5,7,1
319,PAK5,2,10
43,PAK6,8,10
49,PAK6,8,0.1
66,PAK6,30,0.1
66,PAK6,8,1
66,PAK6,1,10
67,PAK6,39,1
122,PAK6,35,0.01
208,PAK6,0,10
289,PAK6,29,0.01
289,PAK6,2,0.1
289,PAK6,1,1
310,PAK6,5,1
310,PAK6,29,0.1
119,PDGFRA,31,10
175,PDGFRA,39,0.1
175,PDGFRA,9,1
175,PDGFRA,16,10
280,PDGFRA,40,1
280,PDGFRA,38,10
294,PDGFRA,12,10
294,PDGFRA,25,1
313,PDGFRA,20,1
313,PDGFRA,4,0.1
315,PDGFRA,10,10
315,PDGFRA,37,1
317,PDGFRA,5,1
317,PDGFRA,19,0.1
328,PDGFRA,3,1
328,PDGFRA,6,0.1
341,PDGFRA,10,1
23,PDK1,33,1
23,PDK1,7,10
25,PDK1,20,0.1
25,PDK1,3,1
25,PDK1,0,10
26,PDK1,29,0.01
26,PDK1,1,10
26,PDK1,9,0.1
26,PDK1,3,1
49,PDK1,11,0.1
50,PDK1,48,0.1
50,PDK1,11,1
50,PDK1,3,10
66,PDK1,7,0.1
66,PDK1,3,1
66,PDK1,5,10
71,PDK1,3,1
122,PDK1,1,0.01
127,PDK1,3,10
127,PDK1,35,0.1
127,PDK1,14,1
208,PDK1,18,10
289,PDK1,17,0.01
289,PDK1,2,0.1
289,PDK1,2,1
294,PDK1,8,10
294,PDK1,25,1
313,PDK1,4,1
313,PDK1,14,0.1
320,PDK1,43,0.1
320,PDK1,8,1
10,PHK,11,1
25,PHK,13,0.1
25,PHK,1,1
25,PHK,0,10
35,PHK,15,1
35,PHK,2,10
35,PHK,43,0.1
41,PHK,10,1
41,PHK,2,10
47,PHK,0,10
49,PHK,1,0.1
53,PHK,21,1
64,PHK,5,1
64,PHK,4,10
66,PHK,0,0.1
66,PHK,1,1
66,PHK,5,10
67,PHK,18,1
71,PHK,5,1
91,PHK,2,10
91,PHK,43,0.1
91,PHK,15,1
96,PHK,43,0.1
96,PHK,4,10
96,PHK,8,1
114,PHK,30,1
120,PHK,48,1
120,PHK,5,10
122,PHK,5,0.01
128,PHK,49,10
139,PHK,3,10
139,PHK,32,0.1
139,PHK,6,1
146,PHK,3,1
146,PHK,0,10
146,PHK,34,0.1
151,PHK,12,0.1
151,PHK,5,1
178,PHK,44,10
208,PHK,26,10
222,PHK,8,10
222,PHK,26,1
259,PHK,6,1
259,PHK,2,10
279,PHK,24,1
289,PHK,17,0.01
289,PHK,1,0.1
289,PHK,1,1
290,PHK,23,1
290,PHK,3,10
291,PHK,45,1
291,PHK,8,10
294,PHK,4,10
294,PHK,21,1
300,PHK,15,1
300,PHK,40,0.1
313,PHK,3,1
313,PHK,1,0.1
341,PHK,1,1
6,PIM1,5,50
6,PIM1,26,10
6,PIM1,7,100
12,PIM1,8,1
12,PIM1,5,10
25,PIM1,43,0.1
25,PIM1,9,1
25,PIM1,2,10
34,PIM1,28,25
41,PIM1,12,10
41,PIM1,48,1
43,PIM1,15,10
49,PIM1,21,0.1
50,PIM1,9,0.1
50,PIM1,1,1
50,PIM1,2,10
52,PIM1,13,1
52,PIM1,0,10
62,PIM1,43,25
66,PIM1,18,0.1
66,PIM1,2,1
66,PIM1,5,10
67,PIM1,48,1
71,PIM1,40,1
73,PIM1,11,5
73,PIM1,8,10
73,PIM1,3,50
77,PIM1,11,20
78,PIM1,7,100
92,PIM1,13,10
96,PIM1,45,0.1
96,PIM1,4,10
96,PIM1,6,1
103,PIM1,40,10
103,PIM1,25,20
114,PIM1,39,1
116,PIM1,40,0.1
116,PIM1,18,1
116,PIM1,10,10
133,PIM1,46,10
133,PIM1,15,5
133,PIM1,37,1
134,PIM1,48,10
134,PIM1,13,30
156,PIM1,7,10
156,PIM1,37,1
169,PIM1,21,1
169,PIM1,11,10
185,PIM1,9,10
185,PIM1,35,1
208,PIM1,8,10
279,PIM1,48,1
294,PIM1,5,10
294,PIM1,11,1
313,PIM1,10,1
313,PIM1,4,0.1
339,PIM1,2,10
339,PIM1,12,1
12,PIM2,40,1
12,PIM2,7,10
43,PIM2,47,10
50,PIM2,38,0.1
50,PIM2,6,1
50,PIM2,1,10
52,PIM2,5,1
52,PIM2,1,10
92,PIM2,47,10
96,PIM2,30,0.1
96,PIM2,4,10
96,PIM2,14,1
101,PIM2,44,10
173,PIM2,12,10
173,PIM2,34,1
208,PIM2,3,10
294,PIM2,4,10
294,PIM2,17,1
313,PIM2,0,1
313,PIM2,1,0.1
6,PIM3,5,50
6,PIM3,18,10
6,PIM3,7,100
12,PIM3,3,1
12,PIM3,2,10
14,PIM3,44,1
14,PIM3,7,10
25,PIM3,30,0.1
25,PIM3,9,1
25,PIM3,7,10
34,PIM3,28,25
41,PIM3,12,10
41,PIM3,18,1
43,PIM3,17,10
46,PIM3,40,10
46,PIM3,23,25
49,PIM3,5,0.1
50,PIM3,2,0.1
50,PIM3,1,1
50,PIM3,1,10
52,PIM3,8,1
52,PIM3,0,10
62,PIM3,41,25
66,PIM3,3,0.1
66,PIM3,5,1
66,PIM3,2,10
67,PIM3,28,1
71,PIM3,7,1
73,PIM3,19,5
73,PIM3,13,10
73,PIM3,2,50
77,PIM3,7,20
78,PIM3,7,100
92,PIM3,9,10
95,PIM3,48,1
95,PIM3,2,50
95,PIM3,44,10
96,PIM3,11,0.1
96,PIM3,1,10
96,PIM3,32,1
98,PIM3,14,10
98,PIM3,3,20
101,PIM3,31,10
103,PIM3,25,10
103,PIM3,12,20
111,PIM3,49,10
114,PIM3,17,1
122,PIM3,7,0.01
129,PIM3,18,10
129,PIM3,49,1
134,PIM3,40,10
134,PIM3,17,30
140,PIM3,5,10
140,PIM3,35,0.1
140,PIM3,41,1
156,PIM3,0,10
156,PIM3,34,1
169,PIM3,30,1
169,PIM3,12,10
181,PIM3,45,0.1
181,PIM3,10,1
185,PIM3,12,10
185,PIM3,13,1
207,PIM3,33,1
208,PIM3,7,10
221,PIM3,45,100
289,PIM3,17,0.01
289,PIM3,10,0.1
289,PIM3,10,1
313,PIM3,1,1
313,PIM3,1,0.1
3,PKA,32,1
3,PKA,7,10
5,PKA,26,0.01
5,PKA,3,0.1
47,PKA,23,10
50,PKA,42,0.1
50,PKA,7,1
50,PKA,2,10
53,PKA,31,1
54,PKA,48,10
55,PKA,22,10
56,PKA,1,10
56,PKA,6,1
208,PKA,2,10
289,PKA,29,0.01
289,PKA,5,0.1
289,PKA,2,1
294,PKA,10,10
294,PKA,39,1
313,PKA,12,1
313,PKA,42,0.1
5,PKB alpha ,5,0.01
5,PKB alpha ,3,0.1
47,PKB alpha ,23,10
55,PKB alpha ,40,10
56,PKB alpha ,5,10
56,PKB alpha ,14,1
208,PKB alpha ,2,10
266,PKB alpha ,4,10
266,PKB alpha ,48,0.1
266,PKB alpha ,16,1
356,PKB alpha ,49,1
5,PKB beta ,17,0.01
5,PKB beta ,2,0.1
43,PKB beta ,1,10
56,PKB beta ,12,10
56,PKB beta ,13,1
98,PKB beta ,48,10
98,PKB beta ,11,20
133,PKB beta ,0,10
133,PKB beta ,0,5
133,PKB beta ,1,1
156,PKB beta ,1,10
156,PKB beta ,21,1
205,PKB beta ,49,10
208,PKB beta ,0,10
221,PKB beta ,37,100
352,PKB beta ,35,1
353,PKB beta ,44,1
47,PKC alpha ,0,10
49,PKC alpha ,1,0.1
50,PKC alpha ,5,0.1
50,PKC alpha ,1,1
50,PKC alpha ,1,10
54,PKC alpha ,48,10
91,PKC alpha ,11,10
91,PKC alpha ,41,0.1
91,PKC alpha ,45,1
96,PKC alpha ,3,0.1
96,PKC alpha ,1,10
96,PKC alpha ,4,1
122,PKC alpha ,5,0.01
208,PKC alpha ,4,10
279,PKC alpha ,32,1
313,PKC alpha ,7,1
313,PKC alpha ,10,0.1
66,PKC gamma ,28,10
96,PKC gamma ,16,10
96,PKC gamma ,39,1
208,PKC gamma ,7,10
279,PKC gamma ,36,1
313,PKC gamma ,1,1
313,PKC gamma ,46,0.1
43,PKC zeta ,2,10
96,PKC zeta ,33,0.1
96,PKC zeta ,3,10
96,PKC zeta ,6,1
133,PKC zeta ,39,10
133,PKC zeta ,11,5
133,PKC zeta ,44,1
153,PKC zeta ,41,0.1
153,PKC zeta ,12,1
208,PKC zeta ,3,10
294,PKC zeta ,21,10
294,PKC zeta ,48,1
2,PKD1,35,1
2,PKD1,8,10
3,PKD1,13,1
3,PKD1,3,10
25,PKD1,30,0.1
25,PKD1,3,1
25,PKD1,3,10
42,PKD1,43,10
43,PKD1,16,10
47,PKD1,5,10
49,PKD1,6,0.1
54,PKD1,37,10
55,PKD1,39,10
66,PKD1,4,0.1
66,PKD1,15,1
66,PKD1,8,10
71,PKD1,12,1
114,PKD1,25,1
127,PKD1,2,10
127,PKD1,19,0.1
127,PKD1,10,1
133,PKD1,28,10
133,PKD1,10,5
133,PKD1,24,1
142,PKD1,37,0.1
142,PKD1,9,10
142,PKD1,42,0.2
142,PKD1,23,1
160,PKD1,44,1
160,PKD1,18,10
172,PKD1,32,1
172,PKD1,18,10
208,PKD1,5,10
216,PKD1,5,10
216,PKD1,5,1
216,PKD1,6,0.1
259,PKD1,37,1
259,PKD1,12,10
279,PKD1,31,1
280,PKD1,27,1
280,PKD1,29,10
289,PKD1,21,0.01
289,PKD1,17,0.1
289,PKD1,16,1
290,PKD1,46,1
290,PKD1,11,10
291,PKD1,41,1
291,PKD1,10,10
294,PKD1,3,10
294,PKD1,6,1
300,PKD1,8,1
300,PKD1,16,0.1
310,PKD1,9,1
310,PKD1,42,0.1
313,PKD1,6,1
313,PKD1,18,0.1
339,PKD1,15,10
339,PKD1,38,1
352,PKD1,37,1
354,PKD1,11,1
354,PKD1,38,0.1
355,PKD1,21,1
356,PKD1,15,1
317,PKR,9,1
317,PKR,20,0.1
17,PLK1,7,10
17,PLK1,6,1
17,PLK1,6,0.1
18,PLK1,5,0.1
18,PLK1,33,0.01
18,PLK1,2,10
18,PLK1,6,1
43,PLK1,7,10
73,PLK1,21,5
73,PLK1,26,10
73,PLK1,4,50
98,PLK1,40,10
98,PLK1,20,20
160,PLK1,49,1
160,PLK1,18,10
208,PLK1,28,10
217,PLK1,4,10
217,PLK1,5,1
217,PLK1,7,0.1
250,PLK1,6,0.1
250,PLK1,5,1
313,PLK1,3,1
313,PLK1,16,0.1
340,PLK1,2,1
340,PLK1,4,0.1
43,PRAK,5,10
69,PRAK,45,10
98,PRAK,41,10
98,PRAK,0,20
137,PRAK,41,1
137,PRAK,39,10
208,PRAK,2,10
5,PRK2,17,0.01
5,PRK2,2,0.1
25,PRK2,25,0.1
25,PRK2,5,1
25,PRK2,6,10
49,PRK2,4,0.1
53,PRK2,15,1
54,PRK2,7,10
55,PRK2,7,10
56,PRK2,6,10
56,PRK2,6,1
66,PRK2,7,0.1
66,PRK2,6,1
66,PRK2,4,10
71,PRK2,10,1
78,PRK2,15,10
78,PRK2,1,100
96,PRK2,8,0.1
96,PRK2,1,10
96,PRK2,3,1
103,PRK2,35,10
103,PRK2,28,20
119,PRK2,21,10
119,PRK2,26,1
122,PRK2,9,0.01
128,PRK2,3,10
152,PRK2,39,1
153,PRK2,32,0.1
153,PRK2,9,1
172,PRK2,27,1
172,PRK2,6,10
208,PRK2,7,10
266,PRK2,7,10
266,PRK2,31,0.1
266,PRK2,12,1
279,PRK2,17,1
280,PRK2,32,1
280,PRK2,21,10
289,PRK2,21,0.01
289,PRK2,8,0.1
289,PRK2,6,1
294,PRK2,2,10
294,PRK2,2,1
313,PRK2,2,1
313,PRK2,3,0.1
339,PRK2,3,10
339,PRK2,8,1
341,PRK2,5,1
35,RIPK2,9,1
35,RIPK2,23,0.1
35,RIPK2,7,10
41,RIPK2,10,10
41,RIPK2,14,1
46,RIPK2,48,10
46,RIPK2,21,25
64,RIPK2,14,1
64,RIPK2,6,10
66,RIPK2,4,1
66,RIPK2,14,10
88,RIPK2,21,1
88,RIPK2,7,10
90,RIPK2,6,1
90,RIPK2,8,10
91,RIPK2,8,10
91,RIPK2,20,0.1
91,RIPK2,17,1
134,RIPK2,24,30
134,RIPK2,42,10
149,RIPK2,46,0.1
149,RIPK2,10,1
154,RIPK2,14,10
154,RIPK2,10,1
157,RIPK2,31,20
157,RIPK2,42,10
162,RIPK2,26,0.1
162,RIPK2,9,1
172,RIPK2,34,1
172,RIPK2,9,10
184,RIPK2,7,10
184,RIPK2,16,1
208,RIPK2,21,10
211,RIPK2,2,10
211,RIPK2,5,1
211,RIPK2,21,0.1
219,RIPK2,28,0.1
219,RIPK2,14,1
221,RIPK2,46,100
265,RIPK2,23,1
265,RIPK2,20,10
265,RIPK2,27,0.1
278,RIPK2,14,1
278,RIPK2,19,0.1
279,RIPK2,11,1
280,RIPK2,32,1
280,RIPK2,29,10
293,RIPK2,43,100
294,RIPK2,15,10
294,RIPK2,46,1
313,RIPK2,4,1
313,RIPK2,3,0.1
328,RIPK2,10,1
328,RIPK2,5,0.1
339,RIPK2,5,10
339,RIPK2,12,1
341,RIPK2,10,1
5,ROCK 2,48,0.01
5,ROCK 2,8,0.1
47,ROCK 2,43,10
53,ROCK 2,2,1
54,ROCK 2,15,10
55,ROCK 2,13,10
56,ROCK 2,6,10
56,ROCK 2,5,1
57,ROCK 2,32,1
57,ROCK 2,12,10
67,ROCK 2,42,1
78,ROCK 2,28,10
78,ROCK 2,6,100
119,ROCK 2,19,10
119,ROCK 2,46,1
128,ROCK 2,7,10
142,ROCK 2,49,0.1
142,ROCK 2,18,10
142,ROCK 2,42,0.2
142,ROCK 2,21,1
147,ROCK 2,43,1
147,ROCK 2,13,10
152,ROCK 2,2,1
153,ROCK 2,7,0.1
153,ROCK 2,2,1
172,ROCK 2,29,1
172,ROCK 2,5,10
208,ROCK 2,24,10
219,ROCK 2,49,0.1
219,ROCK 2,25,1
266,ROCK 2,17,10
266,ROCK 2,31,0.1
266,ROCK 2,23,1
280,ROCK 2,18,1
280,ROCK 2,14,10
294,ROCK 2,2,10
294,ROCK 2,5,1
339,ROCK 2,10,10
339,ROCK 2,34,1
341,ROCK 2,36,1
16,RSK1,41,10
18,RSK1,1,0.1
18,RSK1,14,0.01
18,RSK1,2,10
18,RSK1,0,1
25,RSK1,24,0.1
25,RSK1,10,1
25,RSK1,5,10
43,RSK1,46,10
47,RSK1,0,10
49,RSK1,9,0.1
50,RSK1,10,0.1
50,RSK1,5,1
50,RSK1,5,10
53,RSK1,21,1
54,RSK1,16,10
55,RSK1,18,10
56,RSK1,8,10
56,RSK1,24,1
66,RSK1,6,0.1
66,RSK1,1,1
66,RSK1,3,10
71,RSK1,18,1
78,RSK1,43,10
78,RSK1,12,100
91,RSK1,6,10
91,RSK1,31,0.1
91,RSK1,29,1
96,RSK1,11,0.1
96,RSK1,2,10
96,RSK1,4,1
101,RSK1,33,10
111,RSK1,23,10
119,RSK1,27,10
119,RSK1,38,1
122,RSK1,25,0.01
125,RSK1,31,1
125,RSK1,25,10
127,RSK1,3,10
127,RSK1,14,0.1
127,RSK1,2,1
128,RSK1,21,10
139,RSK1,6,10
139,RSK1,34,0.1
139,RSK1,6,1
152,RSK1,20,1
153,RSK1,32,0.1
153,RSK1,7,1
173,RSK1,6,10
173,RSK1,45,1
208,RSK1,3,10
259,RSK1,14,1
259,RSK1,8,10
264,RSK1,46,0.1
264,RSK1,33,1
264,RSK1,0,10
266,RSK1,9,10
266,RSK1,33,0.1
266,RSK1,15,1
279,RSK1,42,1
289,RSK1,9,0.01
289,RSK1,3,0.1
289,RSK1,1,1
290,RSK1,21,1
290,RSK1,8,10
294,RSK1,4,10
294,RSK1,13,1
313,RSK1,3,1
313,RSK1,2,0.1
339,RSK1,15,10
339,RSK1,49,1
341,RSK1,14,1
349,RSK1,48,1
352,RSK1,7,1
353,RSK1,9,1
355,RSK1,7,1
356,RSK1,7,1
18,RSK2,2,0.1
18,RSK2,32,0.01
18,RSK2,1,10
18,RSK2,4,1
25,RSK2,38,0.1
25,RSK2,32,1
25,RSK2,22,10
43,RSK2,6,10
49,RSK2,5,0.1
50,RSK2,3,0.1
50,RSK2,0,1
50,RSK2,0,10
53,RSK2,39,1
54,RSK2,38,10
55,RSK2,39,10
56,RSK2,19,10
56,RSK2,40,1
66,RSK2,28,0.1
66,RSK2,1,1
66,RSK2,1,10
71,RSK2,19,1
96,RSK2,3,0.1
96,RSK2,1,10
96,RSK2,1,1
101,RSK2,40,10
111,RSK2,30,10
122,RSK2,28,0.01
127,RSK2,4,10
127,RSK2,15,0.1
127,RSK2,9,1
128,RSK2,43,10
133,RSK2,6,10
133,RSK2,6,5
133,RSK2,12,1
139,RSK2,3,10
139,RSK2,41,0.1
139,RSK2,11,1
152,RSK2,48,1
156,RSK2,12,10
156,RSK2,22,1
173,RSK2,11,10
173,RSK2,39,1
205,RSK2,37,10
208,RSK2,-1,10
219,RSK2,38,0.1
219,RSK2,9,1
259,RSK2,24,1
259,RSK2,15,10
289,RSK2,16,0.01
289,RSK2,7,0.1
289,RSK2,6,1
290,RSK2,34,1
290,RSK2,9,10
294,RSK2,6,10
294,RSK2,18,1
313,RSK2,1,1
313,RSK2,4,0.1
341,RSK2,46,1
352,RSK2,24,1
353,RSK2,36,1
355,RSK2,26,1
356,RSK2,24,1
43,S6K1,37,10
44,S6K1,33,3
47,S6K1,3,10
49,S6K1,16,0.1
50,S6K1,11,0.1
50,S6K1,2,1
50,S6K1,1,10
55,S6K1,46,10
56,S6K1,3,10
56,S6K1,10,1
66,S6K1,28,0.1
66,S6K1,9,1
66,S6K1,3,10
78,S6K1,32,10
78,S6K1,13,100
96,S6K1,20,0.1
96,S6K1,2,10
96,S6K1,2,1
120,S6K1,47,1
120,S6K1,2,10
152,S6K1,24,1
153,S6K1,21,0.1
153,S6K1,20,1
208,S6K1,4,10
264,S6K1,39,0.1
264,S6K1,16,1
264,S6K1,6,10
266,S6K1,4,10
266,S6K1,16,0.1
266,S6K1,5,1
279,S6K1,21,1
289,S6K1,37,0.01
289,S6K1,6,0.1
289,S6K1,3,1
294,S6K1,12,10
294,S6K1,36,1
313,S6K1,2,1
313,S6K1,6,0.1
339,S6K1,16,10
339,S6K1,43,1
343,S6K1,9,1
344,S6K1,5,1
345,S6K1,2,1
349,S6K1,3,1
352,S6K1,1,1
353,S6K1,1,1
355,S6K1,0,1
356,S6K1,1,1
47,SGK1,1,10
66,SGK1,14,0.1
66,SGK1,8,1
66,SGK1,8,10
71,SGK1,20,1
96,SGK1,47,0.1
96,SGK1,2,10
96,SGK1,6,1
114,SGK1,27,1
172,SGK1,24,1
172,SGK1,4,10
208,SGK1,1,10
294,SGK1,10,10
294,SGK1,12,1
313,SGK1,12,1
313,SGK1,27,0.1
343,SGK1,4,1
344,SGK1,4,1
345,SGK1,6,1
349,SGK1,6,1
350,SGK1,14,1
350,SGK1,7,10
352,SGK1,10,1
353,SGK1,11,1
355,SGK1,2,1
356,SGK1,2,1
175,SIK2,45,0.1
175,SIK2,9,1
175,SIK2,8,10
261,SIK2,49,1
261,SIK2,47,10
278,SIK2,10,1
278,SIK2,39,0.1
279,SIK2,14,1
289,SIK2,4,0.01
289,SIK2,0,0.1
289,SIK2,1,1
293,SIK2,43,100
294,SIK2,4,10
294,SIK2,20,1
300,SIK2,3,1
300,SIK2,8,0.1
313,SIK2,2,1
313,SIK2,6,0.1
320,SIK2,9,0.1
320,SIK2,2,1
328,SIK2,2,1
328,SIK2,4,0.1
329,SIK2,3,1
329,SIK2,8,0.1
341,SIK2,6,1
289,SIK3,31,0.01
289,SIK3,7,0.1
289,SIK3,2,1
294,SIK3,4,10
294,SIK3,23,1
300,SIK3,5,1
300,SIK3,19,0.1
313,SIK3,4,1
313,SIK3,12,0.1
320,SIK3,42,0.1
320,SIK3,11,1
328,SIK3,2,1
328,SIK3,9,0.1
329,SIK3,2,1
329,SIK3,9,0.1
341,SIK3,11,1
49,SmMLCK,31,0.1
50,SmMLCK,15,0.1
50,SmMLCK,6,1
50,SmMLCK,3,10
66,SmMLCK,32,0.1
66,SmMLCK,4,1
66,SmMLCK,12,10
72,SmMLCK,43,
72,SmMLCK,35,
77,SmMLCK,46,2
77,SmMLCK,12,20
98,SmMLCK,24,10
98,SmMLCK,15,20
101,SmMLCK,40,10
114,SmMLCK,34,1
154,SmMLCK,14,10
154,SmMLCK,49,1
208,SmMLCK,9,10
260,SmMLCK,32,1
260,SmMLCK,23,10
279,SmMLCK,18,1
289,SmMLCK,48,0.01
289,SmMLCK,4,0.1
289,SmMLCK,1,1
290,SmMLCK,31,1
290,SmMLCK,6,10
291,SmMLCK,44,1
291,SmMLCK,8,10
294,SmMLCK,5,10
294,SmMLCK,19,1
313,SmMLCK,6,1
313,SmMLCK,13,0.1
339,SmMLCK,14,10
339,SmMLCK,43,1
355,SmMLCK,39,1
356,SmMLCK,23,1
2,Src,20,1
2,Src,3,10
3,Src,29,1
3,Src,7,10
16,Src,44,10
25,Src,41,0.1
25,Src,7,1
25,Src,1,10
43,Src,21,10
44,Src,10,3
63,Src,39,1
63,Src,14,10
67,Src,38,1
89,Src,17,0.1
89,Src,4,1
89,Src,0,10
90,Src,17,0.1
90,Src,8,1
90,Src,7,10
91,Src,2,10
91,Src,22,0.1
91,Src,20,1
93,Src,19,0.1
93,Src,2,1
115,Src,12,1
115,Src,2,10
119,Src,11,10
119,Src,12,1
125,Src,23,1
125,Src,3,10
149,Src,2,10
149,Src,32,0.1
149,Src,15,1
154,Src,8,10
154,Src,39,1
156,Src,25,10
156,Src,38,1
172,Src,36,1
172,Src,14,10
175,Src,13,0.1
175,Src,3,1
175,Src,1,10
181,Src,17,0.1
181,Src,3,1
207,Src,44,1
208,Src,3,10
211,Src,6,10
211,Src,13,1
211,Src,37,0.1
219,Src,7,0.1
219,Src,3,1
221,Src,40,100
223,Src,3,10
223,Src,32,1
226,Src,45,0.01
226,Src,10,0.1
226,Src,3,1
259,Src,44,1
259,Src,20,10
278,Src,1,1
278,Src,3,0.1
279,Src,13,1
286,Src,3,1
286,Src,9,0.1
286,Src,45,0.01
294,Src,12,10
294,Src,46,1
300,Src,5,1
300,Src,23,0.1
313,Src,5,1
313,Src,9,0.1
328,Src,2,1
328,Src,1,0.1
329,Src,1,1
329,Src,1,0.1
43,SRPK1,5,10
98,SRPK1,6,10
98,SRPK1,9,20
101,SRPK1,12,10
119,SRPK1,6,10
119,SRPK1,19,1
208,SRPK1,2,10
56,STK33,11,10
56,STK33,42,1
66,STK33,6,10
96,STK33,7,10
96,STK33,10,1
119,STK33,23,10
119,STK33,30,1
208,STK33,6,10
219,STK33,30,0.1
219,STK33,23,1
222,STK33,20,10
222,STK33,31,1
259,STK33,16,1
259,STK33,16,10
279,STK33,25,1
289,STK33,44,0.01
289,STK33,27,0.1
289,STK33,23,1
290,STK33,39,1
290,STK33,22,10
291,STK33,47,1
291,STK33,30,10
294,STK33,10,10
294,STK33,30,1
300,STK33,12,1
300,STK33,35,0.1
313,STK33,10,1
313,STK33,12,0.1
329,STK33,17,1
329,STK33,34,0.1
352,STK33,36,1
353,STK33,46,1
10,SYK,31,1
66,SYK,12,0.1
66,SYK,5,1
66,SYK,5,10
140,SYK,0,10
140,SYK,31,0.1
140,SYK,9,1
172,SYK,30,1
172,SYK,11,10
175,SYK,38,0.1
175,SYK,6,1
175,SYK,8,10
208,SYK,4,10
280,SYK,36,1
280,SYK,32,10
289,SYK,21,0.01
289,SYK,6,0.1
289,SYK,2,1
313,SYK,7,1
313,SYK,35,0.1
319,SYK,5,0.1
319,SYK,2,1
319,SYK,1,10
18,TAK1,9,10
18,TAK1,49,1
26,TAK1,8,0.1
26,TAK1,1,1
63,TAK1,21,1
63,TAK1,5,10
66,TAK1,4,1
66,TAK1,3,10
96,TAK1,8,10
96,TAK1,37,1
127,TAK1,41,0.1
127,TAK1,5,1
133,TAK1,15,5
133,TAK1,47,1
139,TAK1,48,0.1
139,TAK1,11,1
142,TAK1,37,0.2
142,TAK1,24,1
151,TAK1,32,0.1
151,TAK1,8,1
172,TAK1,13,1
172,TAK1,2,10
177,TAK1,5,0.1
177,TAK1,3,1
207,TAK1,18,1
208,TAK1,2,10
219,TAK1,14,0.1
219,TAK1,19,1
221,TAK1,31,100
277,TAK1,4,10
277,TAK1,7,1
277,TAK1,11,0.1
279,TAK1,6,1
280,TAK1,16,1
280,TAK1,14,10
290,TAK1,17,1
290,TAK1,2,10
291,TAK1,11,1
291,TAK1,2,10
294,TAK1,1,10
294,TAK1,4,1
300,TAK1,7,1
300,TAK1,43,0.1
310,TAK1,6,1
310,TAK1,29,0.1
313,TAK1,1,1
313,TAK1,0,0.1
320,TAK1,49,0.1
320,TAK1,15,1
329,TAK1,5,1
329,TAK1,41,0.1
330,TAK1,40,1
341,TAK1,41,1
345,TAK1,38,1
349,TAK1,45,1
18,TAO1,8,10
18,TAO1,18,1
66,TAO1,5,10
91,TAO1,42,0.1
91,TAO1,33,1
95,TAO1,32,10
96,TAO1,7,10
96,TAO1,34,1
208,TAO1,4,10
279,TAO1,25,1
294,TAO1,4,10
294,TAO1,15,1
310,TAO1,7,1
310,TAO1,30,0.1
313,TAO1,3,1
313,TAO1,3,0.1
10,TBK1,35,1
23,TBK1,31,1
23,TBK1,5,10
25,TBK1,27,0.1
25,TBK1,7,1
25,TBK1,11,10
26,TBK1,25,0.01
26,TBK1,2,10
26,TBK1,9,0.1
26,TBK1,6,1
64,TBK1,21,1
64,TBK1,17,10
66,TBK1,12,0.1
66,TBK1,3,1
66,TBK1,11,10
96,TBK1,6,10
96,TBK1,28,1
102,TBK1,43,2
102,TBK1,12,10
120,TBK1,34,1
120,TBK1,4,10
127,TBK1,18,10
127,TBK1,11,0.1
127,TBK1,17,1
172,TBK1,17,10
172,TBK1,23,1
175,TBK1,40,0.1
175,TBK1,9,1
175,TBK1,10,10
202,TBK1,10,1
202,TBK1,12,0.1
208,TBK1,5,10
219,TBK1,14,0.1
219,TBK1,8,1
279,TBK1,42,1
289,TBK1,22,0.01
289,TBK1,16,0.1
289,TBK1,12,1
294,TBK1,5,10
294,TBK1,7,1
313,TBK1,6,1
313,TBK1,11,0.1
320,TBK1,45,0.1
320,TBK1,12,1
279,TGFBR1,42,1
66,TIE2,7,10
208,TIE2,9,10
259,TIE2,18,1
259,TIE2,5,10
279,TIE2,41,1
313,TIE2,3,1
313,TIE2,20,0.1
343,TIE2,15,1
344,TIE2,9,1
345,TIE2,10,1
349,TIE2,10,1
355,TIE2,29,1
356,TIE2,17,1
66,TLK1,3,10
208,TLK1,5,10
19,TrkA,13,0.1
63,TrkA,32,1
63,TrkA,26,10
64,TrkA,28,10
64,TrkA,30,1
66,TrkA,6,1
66,TrkA,2,10
90,TrkA,40,1
90,TrkA,40,10
91,TrkA,4,10
91,TrkA,14,0.1
91,TrkA,19,1
93,TrkA,45,0.1
93,TrkA,13,1
96,TrkA,1,10
96,TrkA,7,1
116,TrkA,47,1
116,TrkA,30,10
118,TrkA,29,0.1
118,TrkA,25,1
119,TrkA,5,10
119,TrkA,49,1
139,TrkA,12,0.1
139,TrkA,10,1
146,TrkA,29,0.1
149,TrkA,33,0.1
149,TrkA,27,1
151,TrkA,25,0.1
151,TrkA,10,1
172,TrkA,18,1
172,TrkA,14,10
175,TrkA,26,0.1
175,TrkA,5,1
175,TrkA,3,10
177,TrkA,46,0.1
177,TrkA,24,1
181,TrkA,23,0.1
181,TrkA,9,1
189,TrkA,32,0.1
189,TrkA,18,1
207,TrkA,14,1
208,TrkA,1,10
219,TrkA,32,0.1
219,TrkA,11,1
259,TrkA,41,1
259,TrkA,16,10
279,TrkA,10,1
289,TrkA,5,0.01
289,TrkA,3,0.1
289,TrkA,2,1
294,TrkA,2,10
294,TrkA,6,1
300,TrkA,8,1
300,TrkA,33,0.1
313,TrkA,1,1
313,TrkA,7,0.1
317,TrkA,3,1
317,TrkA,37,0.1
319,TrkA,38,0.1
319,TrkA,16,1
319,TrkA,6,10
320,TrkA,40,0.1
320,TrkA,17,1
329,TrkA,7,1
329,TrkA,25,0.1
341,TrkA,2,1
175,TSSK1,44,0.1
175,TSSK1,10,1
175,TSSK1,5,10
219,TSSK1,31,0.1
219,TSSK1,5,1
222,TSSK1,9,10
222,TSSK1,35,1
259,TSSK1,10,1
259,TSSK1,8,10
289,TSSK1,13,0.01
289,TSSK1,5,0.1
289,TSSK1,4,1
290,TSSK1,12,1
290,TSSK1,3,10
291,TSSK1,31,1
291,TSSK1,7,10
293,TSSK1,44,100
294,TSSK1,15,10
294,TSSK1,46,1
310,TSSK1,13,1
310,TSSK1,49,0.1
313,TSSK1,1,1
313,TSSK1,5,0.1
317,TSSK1,2,1
317,TSSK1,18,0.1
339,TSSK1,9,10
339,TSSK1,41,1
341,TSSK1,46,1
351,TSSK1,13,10
351,TSSK1,47,1
310,TTBK1,8,1
310,TTBK1,47,0.1
66,TTK,18,1
66,TTK,19,10
96,TTK,16,10
96,TTK,35,1
208,TTK,23,10
289,TTK,37,0.01
289,TTK,13,0.1
289,TTK,7,1
294,TTK,15,10
294,TTK,29,1
313,TTK,3,1
313,TTK,6,0.1
119,ULK1,2,10
119,ULK1,1,1
175,ULK1,13,0.1
175,ULK1,3,1
175,ULK1,2,10
294,ULK1,4,10
294,ULK1,12,1
320,ULK1,48,0.1
320,ULK1,15,1
341,ULK1,36,1
119,ULK2,7,10
119,ULK2,8,1
175,ULK2,29,0.1
175,ULK2,7,1
175,ULK2,10,10
279,ULK2,37,1
289,ULK2,30,0.01
289,ULK2,5,0.1
289,ULK2,1,1
294,ULK2,3,10
294,ULK2,13,1
300,ULK2,5,1
300,ULK2,20,0.1
313,ULK2,4,1
313,ULK2,14,0.1
341,ULK2,4,1
356,ULK2,46,1
25,VEGFR1,7,0.1
25,VEGFR1,3,1
25,VEGFR1,1,10
35,VEGFR1,18,1
35,VEGFR1,18,0.1
35,VEGFR1,15,10
41,VEGFR1,18,10
41,VEGFR1,48,1
43,VEGFR1,20,10
63,VEGFR1,23,1
63,VEGFR1,4,10
64,VEGFR1,23,10
64,VEGFR1,15,1
66,VEGFR1,8,0.1
66,VEGFR1,6,1
66,VEGFR1,2,10
96,VEGFR1,2,10
96,VEGFR1,5,1
118,VEGFR1,45,0.1
118,VEGFR1,28,1
127,VEGFR1,20,10
127,VEGFR1,47,0.1
127,VEGFR1,23,1
133,VEGFR1,4,5
133,VEGFR1,47,10
133,VEGFR1,6,1
151,VEGFR1,30,0.1
151,VEGFR1,16,1
154,VEGFR1,5,10
154,VEGFR1,31,1
156,VEGFR1,7,10
156,VEGFR1,27,1
162,VEGFR1,27,0.1
162,VEGFR1,8,1
172,VEGFR1,15,1
172,VEGFR1,11,10
175,VEGFR1,11,0.1
175,VEGFR1,5,1
175,VEGFR1,4,10
177,VEGFR1,8,0.1
177,VEGFR1,13,1
180,VEGFR1,48,0.1
180,VEGFR1,48,1
180,VEGFR1,0,10
182,VEGFR1,9,10
182,VEGFR1,45,1
184,VEGFR1,7,10
184,VEGFR1,25,1
205,VEGFR1,47,10
207,VEGFR1,13,1
208,VEGFR1,2,10
211,VEGFR1,2,10
211,VEGFR1,7,1
211,VEGFR1,40,0.1
219,VEGFR1,5,0.1
219,VEGFR1,2,1
222,VEGFR1,6,10
222,VEGFR1,11,1
259,VEGFR1,22,1
259,VEGFR1,12,10
279,VEGFR1,6,1
289,VEGFR1,17,0.01
289,VEGFR1,13,0.1
289,VEGFR1,4,1
293,VEGFR1,29,100
294,VEGFR1,2,10
294,VEGFR1,3,1
300,VEGFR1,9,1
300,VEGFR1,25,0.1
311,VEGFR1,15,10
311,VEGFR1,49,1
313,VEGFR1,1,1
313,VEGFR1,2,0.1
320,VEGFR1,10,0.1
320,VEGFR1,2,1
341,VEGFR1,5,1
357,WNK1,9,1
10,YES1,22,1
25,YES1,32,0.1
25,YES1,8,1
25,YES1,3,10
43,YES1,12,10
66,YES1,49,0.1
66,YES1,10,1
66,YES1,6,10
89,YES1,10,0.1
89,YES1,1,1
90,YES1,11,0.1
90,YES1,17,1
90,YES1,15,10
91,YES1,6,10
91,YES1,11,0.1
91,YES1,11,1
93,YES1,34,0.1
93,YES1,9,1
96,YES1,19,10
96,YES1,41,1
98,YES1,42,10
101,YES1,43,10
115,YES1,5,1
115,YES1,1,10
119,YES1,3,10
119,YES1,3,1
139,YES1,-5,10
139,YES1,42,0.1
139,YES1,21,1
154,YES1,5,10
154,YES1,42,1
156,YES1,9,10
156,YES1,42,1
172,YES1,25,1
172,YES1,19,10
175,YES1,48,0.1
175,YES1,12,1
175,YES1,5,10
181,YES1,37,0.1
181,YES1,11,1
207,YES1,41,1
208,YES1,8,10
211,YES1,13,10
211,YES1,16,1
211,YES1,20,0.1
219,YES1,16,0.1
219,YES1,7,1
259,YES1,13,1
259,YES1,3,10
278,YES1,9,1
278,YES1,30,0.1
279,YES1,6,1
286,YES1,8,1
286,YES1,11,0.1
286,YES1,34,0.01
300,YES1,8,1
300,YES1,36,0.1
313,YES1,18,1
313,YES1,8,0.1
319,YES1,41,0.1
319,YES1,10,1
319,YES1,3,10
328,YES1,1,1
328,YES1,1,0.1
329,YES1,1,1
329,YES1,2,0.1
341,YES1,26,1
66,ZAP70,6,10
208,ZAP70,6,10